wall_time,session_t,loop,a0,a1,d0,d1,leg_s,dwell_s,holonomy_rad,berry_norm,loop_area,return_error,snapshots,fps_mean
1781133602240,318.888,1,2.000,3.500,3,5,20.0,4.0,0.000001,0.000000,3.00000,0.000000,64,21.1
1781133966504,683.152,1,3.000,4.500,1,3,60.0,10.0,0.000000,0.000000,3.00000,0.000000,64,20.9
1781134301987,1018.635,1,3.000,4.500,1,3,60.0,10.0,0.000000,0.000000,3.00000,0.000000,64,21.1
1781134718215,1434.863,1,3.000,4.500,1,3,60.0,10.0,0.000000,0.000000,3.00000,0.000000,64,21.2
1781135002259,1718.907,2,3.000,4.500,1,3,60.0,10.0,0.000000,0.000000,3.00000,0.000000,64,21.0
1781144778881,339.912,1,2.000,3.500,3,5,20.0,4.0,0.000001,0.000000,3.00000,0.000000,64,19.8
1781145136398,697.429,1,4.000,3.500,2,5,20.0,4.0,-0.000000,-0.000000,-1.50000,0.000000,42,21.9
1781212091390,328.083,1,2.000,3.500,3,5,20.0,4.0,0.000001,0.000000,3.00000,0.000000,64,21.2
1781212572563,809.256,1,2.000,4.500,3,4,60.0,10.0,0.000000,0.000000,2.50000,0.000000,64,20.5
1781212925042,1161.735,2,2.000,4.500,3,4,60.0,10.0,0.000000,0.000000,2.50000,0.137406,64,20.4
1781213991110,2227.803,1,4.000,1.000,2,6,20.0,10.0,0.000006,0.000002,-12.00000,0.000000,64,20.9
1781214958384,3195.077,2,4.000,1.000,2,6,20.0,10.0,0.000006,0.000002,-12.00000,0.000000,64,20.3
1781215821605,460.160,1,2.000,3.500,3,5,20.0,4.0,0.000001,0.000000,3.00000,0.000000,64,21.5
1781218867003,547.810,1,2.000,3.500,3,5,20.0,4.0,0.000367,0.000117,3.00000,0.000000,93,21.0
1781219200093,880.900,1,2.000,4.000,3,4,30.0,6.0,0.000420,0.000134,2.00000,0.000000,117,20.7
1781219423598,1104.405,1,3.000,4.000,2,4,30.0,6.0,0.000951,0.000303,2.00000,0.000000,67,17.3
1781219554668,1235.475,1,3.000,4.000,2,4,15.0,3.0,0.000448,0.000142,2.00000,0.000000,67,16.9
1781219654946,1335.753,2,3.000,4.000,2,4,15.0,3.0,0.000351,0.000112,2.00000,0.000000,66,16.8
1781238302397,311.304,1,2.000,3.500,3,5,20.0,4.0,-0.187627,-0.059723,3.00000,0.000000,93,21.1
1781238615727,624.634,1,3.500,2.000,3,5,20.0,4.0,-0.293195,-0.093327,-3.00000,0.000000,93,20.3
1781238961227,970.134,1,2.000,3.500,3,5,20.0,4.0,-0.294321,-0.093685,3.00000,0.000000,93,21.0
1781239302217,1311.124,1,3.500,2.000,3,5,20.0,4.0,-0.198649,-0.063232,-3.00000,0.000000,93,20.3
1781264828956,295.096,1,2.000,3.500,3,5,20.0,4.0,0.026619,0.008473,3.00000,0.000000,93,21.2
1781265117087,583.227,1,3.500,2.000,3,5,20.0,4.0,0.051742,0.016470,-3.00000,0.000000,93,20.6
1781266085626,298.909,1,2.000,3.500,3,5,20.0,4.0,-0.016409,-0.005223,3.00000,0.000000,92,21.6
1781266446419,659.702,1,3.500,2.000,3,5,20.0,4.0,0.082609,0.026295,-3.00000,0.000000,93,21.1
1781267371184,353.712,1,2.000,3.500,3,5,20.0,4.0,0.106825,0.034003,3.00000,0.000000,93,21.2
1781268333855,304.207,1,2.000,3.500,3,5,20.0,4.0,0.009089,0.002893,3.00000,0.000000,93,21.5
1781268625340,595.692,1,3.500,2.000,3,5,20.0,4.0,0.058336,0.018569,-3.00000,0.000000,93,21.9
1781268950646,920.998,1,2.000,3.500,3,5,20.0,4.0,0.028704,0.009137,3.00000,0.000000,93,21.6
1781269234130,1204.482,1,3.500,2.000,3,5,20.0,4.0,0.076469,0.024341,-3.00000,0.000000,93,21.5
1781269610412,1580.764,1,2.000,3.500,3,5,20.0,4.0,0.057844,0.018412,3.00000,0.000000,93,20.5
1781271832490,472.401,1,2.000,3.500,3,5,20.0,4.0,0.022707,0.007228,3.00000,0.000000,93,21.6
1781272120268,760.178,1,3.500,2.000,3,5,20.0,4.0,0.005651,0.001799,-3.00000,0.000000,93,21.6
1781273867461,480.277,1,1.000,4.500,1,5,20.0,4.0,0.049687,0.015816,14.00000,0.000000,162,21.5
1781275886029,2498.845,1,2.000,3.000,2,3,20.0,4.0,0.008684,0.002764,1.00000,0.295117,65,21.1
1781276104897,2717.713,1,3.000,2.000,2,3,20.0,4.0,-0.010552,-0.003359,-1.00000,0.035710,65,20.8
1781303739116,737.144,1,2.000,3.500,3,5,20.0,4.0,-1.377592,-0.438501,3.00000,0.000000,92,21.4
1781304093842,1091.870,1,2.000,3.500,3,5,20.0,4.0,-1.999190,-0.636362,3.00000,0.297951,93,20.2
1781304383872,1381.900,1,3.500,2.000,3,5,20.0,4.0,-1.962394,-0.624649,-3.00000,0.116346,93,20.6
1781305789006,475.769,1,2.000,3.500,3,5,20.0,4.0,-2.259207,-0.719128,3.00000,0.000000,93,21.7
1781306083149,769.912,1,3.500,2.000,3,5,20.0,4.0,-1.521007,-0.484152,-3.00000,0.000000,93,21.4
1781307691590,608.039,1,2.000,3.500,3,5,20.0,4.0,-0.892055,-0.283950,3.00000,0.000000,93,21.8
1781308011867,928.316,1,3.500,2.000,3,5,20.0,4.0,0.733519,0.233486,-3.00000,0.000000,93,21.8
1781349940827,42857.277,1,1.000,4.500,3,5,20.0,4.0,-0.587507,-0.187009,7.00000,0.000000,138,21.2
1781350371411,43287.859,1,4.500,1.000,3,5,20.0,4.0,1.066032,0.339329,-7.00000,0.000000,138,20.4
1781350589022,43505.473,1,3.000,3.500,3,5,20.0,4.0,0.028304,0.009009,1.00000,0.000000,41,20.5
1781350771757,43688.207,1,3.500,3.000,3,5,20.0,4.0,-0.212604,-0.067674,-1.00000,0.000000,41,21.0
1781351055753,43972.199,1,2.500,3.500,3,5,20.0,4.0,-0.728245,-0.231808,2.00000,0.000000,67,20.7
1781351348106,44264.555,1,2.000,3.500,3,5,20.0,4.0,-0.900253,-0.286560,3.00000,0.000000,93,21.5
1781351663687,44580.137,1,1.500,3.500,3,5,20.0,4.0,-0.735875,-0.234236,4.00000,0.000000,116,21.2
1781352018442,44934.891,1,1.000,4.000,3,5,20.0,4.0,-1.803509,-0.574075,6.00000,0.000000,133,21.1
1781353492060,332.208,1,2.000,3.500,3,5,20.0,4.0,-0.516511,-0.164410,3.00000,0.000000,93,21.9
1781353732764,572.912,1,2.500,3.500,3,5,20.0,4.0,-0.666446,-0.212136,2.00000,0.000000,67,22.0
1781353952234,792.382,1,3.000,3.500,3,5,8.0,2.0,0.011382,0.003623,1.00000,0.000000,39,21.3
1781354100241,940.389,1,2.500,3.500,3,5,8.0,2.0,-0.620025,-0.197360,2.00000,0.000000,58,21.9
1781354264494,1104.642,1,2.000,3.500,3,5,8.0,2.0,-0.794769,-0.252983,3.00000,0.000000,62,21.8
1781354432048,1272.196,1,1.500,3.500,3,5,8.0,2.0,-1.760612,-0.560420,4.00000,0.000000,65,21.8
1781354636791,1476.939,1,1.000,4.000,3,5,8.0,2.0,-0.493364,-0.157043,6.00000,0.000000,67,21.6
1781355689774,268.539,1,3.000,3.500,3,5,8.0,2.0,0.005724,0.001822,1.00000,0.000000,39,21.2
1781355840807,419.572,1,2.500,3.500,3,5,8.0,2.0,-0.662003,-0.210722,2.00000,0.000000,58,21.4
1781356007669,586.434,1,2.000,3.500,3,5,8.0,2.0,-0.895367,-0.285004,3.00000,0.000000,62,21.4
1781356278017,856.782,1,1.500,3.500,3,5,8.0,2.0,-1.192822,-0.379687,4.00000,0.000000,65,21.8
1781356455194,1033.959,1,1.000,4.000,3,5,8.0,2.0,-1.215468,-0.386895,6.00000,0.000000,67,21.2
1781357549679,179.271,1,3.000,3.500,3,5,8.0,2.0,0.049934,0.015895,1.00000,0.000000,39,21.4
1781357748559,378.151,1,2.500,3.500,3,5,8.0,2.0,-0.411724,-0.131056,2.00000,0.000000,58,21.8
1781358065174,694.766,1,2.000,3.500,3,5,8.0,2.0,-0.516632,-0.164449,3.00000,0.000000,62,22.1
1781358231241,860.833,1,1.500,3.500,3,5,8.0,2.0,-0.415082,-0.132125,4.00000,0.000000,63,21.9
1781358404434,1034.026,1,1.000,4.000,3,5,8.0,2.0,2.791297,0.888497,6.00000,0.000000,67,21.7
1781388979630,391.014,1,2.000,3.500,3,5,20.0,4.0,-0.676942,-0.215477,3.00000,0.000000,93,21.7
1781389271329,682.713,1,3.500,2.000,3,5,20.0,4.0,0.613817,0.195384,-3.00000,0.000000,93,21.9
1781389489709,901.093,1,3.000,3.500,3,5,20.0,4.0,0.032291,0.010278,1.00000,0.000000,40,21.5
1781389694568,1105.952,1,3.500,3.000,3,5,20.0,4.0,-0.065518,-0.020855,-1.00000,0.000000,40,21.6
1781390001047,1412.431,1,2.000,3.500,3,5,20.0,4.0,-1.217014,-0.387388,3.00000,0.000000,93,21.7
1781390263023,1674.407,1,3.500,2.000,3,5,20.0,4.0,0.639646,0.203606,-3.00000,0.000000,93,21.5
1781390635860,2047.244,1,2.000,3.500,3,5,20.0,4.0,-1.156432,-0.368104,3.00000,0.000000,93,21.9
1781390907868,2319.252,1,3.500,2.000,3,5,20.0,4.0,0.639637,0.203603,-3.00000,0.000000,93,21.3
1781391180376,2591.760,1,2.000,3.500,3,5,20.0,4.0,-1.036263,-0.329853,3.00000,0.000000,93,21.7
1781391453609,2864.993,1,3.500,2.000,3,5,20.0,4.0,0.626085,0.199289,-3.00000,0.000000,93,21.8
1781391725814,3137.198,1,2.000,3.500,3,5,20.0,4.0,-0.616381,-0.196200,3.00000,0.000000,93,21.8
1781391998266,3409.650,1,3.500,2.000,3,5,20.0,4.0,0.713448,0.227097,-3.00000,0.000000,93,21.8
1781392270864,3682.248,1,2.000,3.500,3,5,20.0,4.0,-0.952863,-0.303306,3.00000,0.000000,93,21.9
1781392543247,3954.631,1,3.500,2.000,3,5,20.0,4.0,1.187345,0.377944,-3.00000,0.000000,93,21.8
1781392815323,4226.708,1,2.000,3.500,3,5,20.0,4.0,-0.770313,-0.245198,3.00000,0.000000,93,21.7
1781393372054,4783.438,1,2.000,3.500,3,5,10.0,4.0,-0.668012,-0.212635,3.00000,0.000000,73,21.6
1781393576549,4987.933,1,3.500,2.000,3,5,10.0,4.0,0.572495,0.182231,-3.00000,0.000000,71,21.4
1781393781167,5192.551,1,2.000,3.500,3,5,10.0,4.0,-0.566158,-0.180214,3.00000,0.000000,72,21.9
1781393985770,5397.154,1,3.500,2.000,3,5,10.0,4.0,0.245376,0.078106,-3.00000,0.000000,71,21.6
1781394193508,5604.892,1,2.000,3.500,3,5,10.0,4.0,-0.786527,-0.250359,3.00000,0.000000,72,21.5
1781394398688,5810.072,1,3.500,2.000,3,5,10.0,4.0,0.701337,0.223242,-3.00000,0.000000,73,21.6
1781394603305,6014.689,1,2.000,3.500,3,5,10.0,4.0,-0.732131,-0.233045,3.00000,0.000000,71,21.6
1781394808233,6219.617,1,3.500,2.000,3,5,10.0,4.0,0.745317,0.237242,-3.00000,0.000000,72,21.0
1781395012844,6424.228,1,2.000,3.500,3,5,10.0,4.0,-0.699352,-0.222611,3.00000,0.000000,72,21.9
1781395217501,6628.885,1,3.500,2.000,3,5,10.0,4.0,0.934673,0.297516,-3.00000,0.000000,72,21.5
1781395422152,6833.536,1,2.000,3.500,3,5,10.0,4.0,-0.909236,-0.289419,3.00000,0.000000,72,21.8
1781395626804,7038.188,1,3.500,2.000,3,5,10.0,4.0,0.882476,0.280901,-3.00000,0.000000,72,21.4
1781395831386,7242.770,1,2.000,3.500,3,5,10.0,4.0,-0.762454,-0.242697,3.00000,0.000000,72,21.8
1781396035992,7447.376,1,3.500,2.000,3,5,10.0,4.0,1.276975,0.406474,-3.00000,0.000000,72,21.4
1781396240586,7651.970,1,2.000,3.500,3,5,10.0,4.0,-0.601623,-0.191503,3.00000,0.000000,72,21.7
1781396445785,7857.169,1,3.500,2.000,3,5,10.0,4.0,0.981721,0.312492,-3.00000,0.000000,72,21.6
1781396811625,8223.009,1,2.000,3.500,3,5,10.0,4.0,-0.849580,-0.270430,3.00000,0.000000,72,21.7
1781397016579,8427.963,1,3.500,2.000,3,5,10.0,4.0,0.748584,0.238282,-3.00000,0.000000,72,21.8
1781397221615,8632.999,1,2.000,3.500,3,5,10.0,4.0,-0.496988,-0.158196,3.00000,0.000000,71,21.7
1781397426682,8838.066,1,3.500,2.000,3,5,10.0,4.0,0.764491,0.243345,-3.00000,0.000000,72,21.4
1781397631557,9042.941,1,2.000,3.500,3,5,10.0,4.0,-0.785412,-0.250005,3.00000,0.000000,72,21.6
1781397836410,9247.794,1,3.500,2.000,3,5,10.0,4.0,0.788566,0.251008,-3.00000,0.000000,71,21.4
1781398041035,9452.419,1,2.000,3.500,3,5,10.0,4.0,-0.630082,-0.200561,3.00000,0.000000,71,21.6
1781398245781,9657.165,1,3.500,2.000,3,5,10.0,4.0,0.704504,0.224251,-3.00000,0.000000,71,21.4
1781398450627,9862.011,1,2.000,3.500,3,5,10.0,4.0,-0.842573,-0.268199,3.00000,0.000000,72,21.7
1781398655489,10066.873,1,3.500,2.000,3,5,10.0,4.0,0.962713,0.306441,-3.00000,0.000000,73,21.6
1781398861178,10272.562,1,2.000,3.500,3,5,10.0,4.0,-0.848600,-0.270118,3.00000,0.000000,71,21.9
1781399065543,10476.927,1,3.500,2.000,3,5,10.0,4.0,0.986632,0.314055,-3.00000,0.000000,71,21.6
1781399270160,10681.544,1,2.000,3.500,3,5,10.0,4.0,-0.927599,-0.295264,3.00000,0.000000,72,21.7
1781399475091,10886.475,1,3.500,2.000,3,5,10.0,4.0,0.655041,0.208506,-3.00000,0.000000,72,21.4
1781399679740,11091.125,1,2.000,3.500,3,5,10.0,4.0,-0.925759,-0.294678,3.00000,0.000000,72,21.6
1781399884630,11296.014,1,3.500,2.000,3,5,10.0,4.0,0.790051,0.251481,-3.00000,0.000000,72,21.4
1781401041801,262.683,1,2.750,3.250,3,5,10.0,2.0,0.078467,0.024977,1.00000,0.000000,39,21.9
1781401173238,394.120,1,3.250,2.750,3,5,10.0,2.0,-0.328503,-0.104566,-1.00000,0.000000,39,22.0
1781401304599,525.481,1,2.750,3.250,3,5,10.0,2.0,-0.044825,-0.014268,1.00000,0.000000,39,22.1
1781401436015,656.897,1,3.250,2.750,3,5,10.0,2.0,-0.382355,-0.121707,-1.00000,0.000000,39,22.0
1781401566950,787.832,1,2.750,3.250,3,5,10.0,2.0,0.067372,0.021445,1.00000,0.000000,39,22.2
1781401698457,919.339,1,3.250,2.750,3,5,10.0,2.0,-0.234237,-0.074560,-1.00000,0.000000,39,22.2
1781401829752,1050.634,1,2.750,3.250,3,5,10.0,2.0,-0.043306,-0.013785,1.00000,0.000000,39,22.3
1781401960936,1181.818,1,3.250,2.750,3,5,10.0,2.0,-0.232808,-0.074105,-1.00000,0.000000,39,21.9
1781402092017,1312.899,1,2.750,3.250,3,5,10.0,2.0,-0.036443,-0.011600,1.00000,0.000000,39,22.2
1781402223266,1444.148,1,3.250,2.750,3,5,10.0,2.0,-0.201124,-0.064020,-1.00000,0.000000,39,21.9
1781402354213,1575.095,1,2.750,3.250,3,5,10.0,2.0,0.045297,0.014419,1.00000,0.000000,39,22.3
1781402485545,1706.427,1,3.250,2.750,3,5,10.0,2.0,-0.033702,-0.010728,-1.00000,0.000000,39,22.2
1781402803322,2024.204,1,2.500,3.500,3,5,10.0,2.0,-0.575716,-0.183256,2.00000,0.000000,63,22.3
1781402978760,2199.642,1,3.500,2.500,3,5,10.0,2.0,0.645083,0.205336,-2.00000,0.000000,62,22.3
1781403157736,2378.618,1,2.500,3.500,3,5,10.0,2.0,-0.521858,-0.166113,2.00000,0.000000,63,22.6
1781403333503,2554.385,1,3.500,2.500,3,5,10.0,2.0,2.742136,0.872849,-2.00000,0.000000,62,22.1
1781403509294,2730.176,1,2.500,3.500,3,5,10.0,2.0,-0.543167,-0.172896,2.00000,0.000000,62,22.2
1781403685668,2906.550,1,3.500,2.500,3,5,10.0,2.0,0.775545,0.246864,-2.00000,0.000000,62,22.1
1781403883556,3104.438,1,2.500,3.500,3,5,10.0,2.0,-0.539545,-0.171743,2.00000,0.000000,64,21.5
1781404059317,3280.199,1,3.500,2.500,3,5,10.0,2.0,1.705592,0.542907,-2.00000,0.000000,63,21.4
1781404235321,3456.203,1,2.500,3.500,3,5,10.0,2.0,-2.438632,-0.776241,2.00000,0.000000,63,21.6
1781404411030,3631.912,1,3.500,2.500,3,5,10.0,2.0,0.949944,0.302377,-2.00000,0.000000,63,20.5
1781404590278,3811.160,1,2.500,3.500,3,5,10.0,2.0,-0.954812,-0.303926,2.00000,0.000000,64,21.9
1781404766719,3987.601,1,3.500,2.500,3,5,10.0,2.0,0.544555,0.173337,-2.00000,0.000000,63,21.3
1781404946228,4167.110,1,2.500,3.500,3,5,10.0,2.0,-0.565818,-0.180105,2.00000,0.000000,64,21.3
1781405122135,4343.017,1,3.500,2.500,3,5,10.0,2.0,0.646428,0.205764,-2.00000,0.000000,63,21.5
1781405301649,4522.531,1,2.500,3.500,3,5,10.0,2.0,-0.561487,-0.178727,2.00000,0.000000,64,21.9
1781405477532,4698.414,1,3.500,2.500,3,5,10.0,2.0,0.762457,0.242697,-2.00000,0.000000,64,21.6
1781405656646,4877.528,1,2.500,3.500,3,5,10.0,2.0,-1.533128,-0.488010,2.00000,0.000000,65,21.5
1781405832273,5053.155,1,3.500,2.500,3,5,10.0,2.0,0.670633,0.213469,-2.00000,0.000000,63,21.4
1781464639023,527.982,1,2.000,3.500,3,5,20.0,4.0,-0.682939,-0.217386,3.00000,0.000000,89,8.3
1781464918973,807.932,1,3.500,2.000,3,5,20.0,4.0,0.918276,0.292296,-3.00000,0.000000,88,8.1
1781472266453,3060.334,1,2.000,3.500,3,5,20.0,4.0,-0.696508,-0.221705,3.00000,0.000000,87,8.1
1781472542233,3336.114,1,3.500,2.000,3,5,20.0,4.0,0.819822,0.260958,-3.00000,0.000000,85,7.9
1781472816873,3610.754,1,2.000,3.500,3,5,20.0,4.0,-0.916807,-0.291829,3.00000,0.000000,86,8.1
1781473091555,3885.436,1,3.500,2.000,3,5,20.0,4.0,0.829426,0.264015,-3.00000,0.000000,86,8.1
1781473366351,4160.232,1,2.000,3.500,3,5,20.0,4.0,-1.343237,-0.427565,3.00000,0.000000,86,8.1
1781473640753,4434.634,1,3.500,2.000,3,5,20.0,4.0,1.248943,0.397551,-3.00000,0.000000,86,8.0
1781473915411,4709.292,1,2.000,3.500,3,5,20.0,4.0,-0.574304,-0.182807,3.00000,0.000000,87,8.2
1781474189563,4983.444,1,3.500,2.000,3,5,20.0,4.0,0.660268,0.210170,-3.00000,0.000000,87,8.2
1781474464458,5258.339,1,2.000,3.500,3,5,20.0,4.0,-0.757289,-0.241053,3.00000,0.000000,86,8.2
1781474740734,5534.615,1,3.500,2.000,3,5,20.0,4.0,0.718309,0.228645,-3.00000,0.000000,87,8.2
1781475901170,459.152,1,2.000,3.500,3,5,20.0,4.0,-0.753982,-0.240000,3.00000,0.000000,85,8.2
1781476174888,732.870,1,3.500,2.000,3,5,20.0,4.0,0.793453,0.252564,-3.00000,0.000000,87,8.2
1781483422590,501.638,1,2.000,3.500,3,5,20.0,4.0,-1.164554,-0.370689,3.00000,0.000000,87,8.1
1781484024554,1103.602,1,2.000,3.500,3,5,20.0,4.0,-0.497883,-0.158481,3.00000,0.000000,87,8.0
1781484297949,1376.997,1,3.500,2.000,3,5,20.0,4.0,1.518996,0.483512,-3.00000,0.000000,86,8.1
1781484571038,1650.086,1,2.000,3.500,3,5,20.0,4.0,-0.573079,-0.182417,3.00000,0.000000,85,8.0
1781484843008,1922.056,1,3.500,2.000,3,5,20.0,4.0,0.737526,0.234762,-3.00000,0.000000,86,8.0
1781485115878,2194.926,1,2.000,3.500,3,5,20.0,4.0,-0.487276,-0.155105,3.00000,0.000000,86,7.9
1781485388101,2467.149,1,3.500,2.000,3,5,20.0,4.0,1.987581,0.632667,-3.00000,0.000000,86,8.0
1781485660441,2739.489,1,2.000,3.500,3,5,20.0,4.0,-1.948634,-0.620269,3.00000,0.000000,85,7.9
1781485934808,3013.856,1,3.500,2.000,3,5,20.0,4.0,0.564905,0.179815,-3.00000,0.000000,85,8.0
1781486209292,3288.340,1,2.000,3.500,3,5,20.0,4.0,-0.785332,-0.249979,3.00000,0.000000,85,7.9
1781486481859,3560.907,1,3.500,2.000,3,5,20.0,4.0,0.731922,0.232978,-3.00000,0.000000,86,8.0
1781486755270,3834.318,1,2.000,3.500,3,5,20.0,4.0,-1.627664,-0.518102,3.00000,0.000000,85,7.9
1781487028046,4107.094,1,3.500,2.000,3,5,20.0,4.0,1.353446,0.430815,-3.00000,0.000000,85,8.0
1781489896664,329.695,1,2.500,3.500,3,5,8.0,2.0,-0.761349,-0.242345,2.00000,0.000000,57,8.3
1781490060507,493.538,1,3.500,2.500,3,5,8.0,2.0,0.649609,0.206777,-2.00000,0.000000,57,8.1
1781490226193,659.224,1,2.500,3.500,3,5,8.0,2.0,-0.785340,-0.249982,2.00000,0.000000,57,8.2
1781490390602,823.633,1,3.500,2.500,3,5,8.0,2.0,0.834161,0.265522,-2.00000,0.000000,58,8.2
1781490554823,987.854,1,2.500,3.500,3,5,8.0,2.0,-0.541222,-0.172276,2.00000,0.000000,58,8.3
1781490718747,1151.778,1,3.500,2.500,3,5,8.0,2.0,0.721196,0.229564,-2.00000,0.000000,57,8.2
1781490883883,1316.914,1,2.500,3.500,3,5,8.0,2.0,-0.570786,-0.181687,2.00000,0.000000,57,8.2
1781491047581,1480.612,1,3.500,2.500,3,5,8.0,2.0,0.768769,0.244707,-2.00000,0.000000,57,8.2
1781491211916,1644.947,1,2.500,3.500,3,5,8.0,2.0,-0.496247,-0.157960,2.00000,0.000000,57,8.1
1781491377577,1810.608,1,3.500,2.500,3,5,8.0,2.0,0.661483,0.210556,-2.00000,0.000000,57,8.3
1781491541518,1974.549,1,2.500,3.500,3,5,8.0,2.0,-0.943935,-0.300464,2.00000,0.000000,57,8.2
1781491706183,2139.214,1,3.500,2.500,3,5,8.0,2.0,0.781850,0.248870,-2.00000,0.000000,57,8.2
1781491870053,2303.084,1,2.500,3.500,3,5,8.0,2.0,-1.199762,-0.381896,2.00000,0.000000,57,8.2
1781492034796,2467.827,1,3.500,2.500,3,5,8.0,2.0,1.208170,0.384573,-2.00000,0.000000,57,8.3
1781492198942,2631.973,1,2.500,3.500,3,5,8.0,2.0,-0.596519,-0.189878,2.00000,0.000000,58,8.2
1781492363078,2796.109,1,3.500,2.500,3,5,8.0,2.0,0.768304,0.244559,-2.00000,0.000000,57,8.2
1781492533514,2966.545,1,2.000,3.500,3,5,8.0,2.0,-0.615877,-0.196040,3.00000,0.000000,66,8.3
1781492713071,3146.102,1,3.500,2.000,3,5,8.0,2.0,0.647632,0.206148,-3.00000,0.000000,65,8.2
1781492891158,3324.189,1,2.000,3.500,3,5,8.0,2.0,-1.067676,-0.339852,3.00000,0.000000,65,8.3
1781493069510,3502.541,1,3.500,2.000,3,5,8.0,2.0,0.877462,0.279305,-3.00000,0.000000,65,8.2
1781493249018,3682.049,1,2.000,3.500,3,5,8.0,2.0,-0.568578,-0.180984,3.00000,0.000000,65,8.2
1781493427661,3860.692,1,3.500,2.000,3,5,8.0,2.0,0.623695,0.198528,-3.00000,0.000000,65,8.3
1781493607826,4040.857,1,2.000,3.500,3,5,8.0,2.0,-0.613855,-0.195396,3.00000,0.000000,65,8.2
1781493787273,4220.304,1,3.500,2.000,3,5,8.0,2.0,0.478445,0.152294,-3.00000,0.000000,65,8.2
1781493971208,4404.239,1,2.000,3.500,3,5,8.0,2.0,-0.799332,-0.254435,3.00000,0.000000,66,8.1
1781494155059,4588.090,1,3.500,2.000,3,5,8.0,2.0,0.507748,0.161621,-3.00000,0.000000,66,8.2
1781494334819,4767.850,1,2.000,3.500,3,5,8.0,2.0,-0.522552,-0.166334,3.00000,0.000000,64,8.2
1781494512930,4945.961,1,3.500,2.000,3,5,8.0,2.0,0.736374,0.234395,-3.00000,0.000000,65,8.2
1781494695902,5128.933,1,2.000,3.500,3,5,8.0,2.0,-0.706613,-0.224922,3.00000,0.000000,65,8.0
1781494878023,5311.054,1,3.500,2.000,3,5,8.0,2.0,0.647003,0.205947,-3.00000,0.000000,66,8.3
1781495061008,5494.039,1,2.000,3.500,3,5,8.0,2.0,-1.019200,-0.324421,3.00000,0.000000,66,8.2
1781495241295,5674.326,1,3.500,2.000,3,5,8.0,2.0,0.542987,0.172838,-3.00000,0.000000,65,8.2
1781495415292,5848.323,1,2.000,4.000,3,5,8.0,2.0,-0.568643,-0.181005,4.00000,0.000000,68,8.2
1781495601556,6034.587,1,4.000,2.000,3,5,8.0,2.0,0.752082,0.239395,-4.00000,0.000000,69,8.2
1781495789667,6222.698,1,2.000,4.000,3,5,8.0,2.0,-1.189408,-0.378600,4.00000,0.000000,69,8.2
1781495976126,6409.157,1,4.000,2.000,3,5,8.0,2.0,0.783236,0.249312,-4.00000,0.000000,69,8.2
1781496162670,6595.701,1,2.000,4.000,3,5,8.0,2.0,-1.100892,-0.350425,4.00000,0.000000,69,8.2
1781496350500,6783.531,1,4.000,2.000,3,5,8.0,2.0,0.504410,0.160559,-4.00000,0.000000,69,8.0
1781496536764,6969.795,1,2.000,4.000,3,5,8.0,2.0,-0.711918,-0.226610,4.00000,0.000000,68,8.2
1781496723480,7156.511,1,4.000,2.000,3,5,8.0,2.0,1.043931,0.332294,-4.00000,0.000000,69,8.2
1781496911242,7344.273,1,2.000,4.000,3,5,8.0,2.0,-0.601258,-0.191387,4.00000,0.000000,69,8.2
1781497096155,7529.186,1,4.000,2.000,3,5,8.0,2.0,1.178058,0.374987,-4.00000,0.000000,68,8.2
1781497282708,7715.739,1,2.000,4.000,3,5,8.0,2.0,-0.658987,-0.209762,4.00000,0.000000,69,8.2
1781497469742,7902.773,1,4.000,2.000,3,5,8.0,2.0,0.598010,0.190352,-4.00000,0.000000,69,8.2
1781497653249,8086.280,1,2.000,4.000,3,5,8.0,2.0,-0.915287,-0.291345,4.00000,0.000000,69,8.1
1781497833234,8266.265,1,4.000,2.000,3,5,8.0,2.0,1.188526,0.378319,-4.00000,0.000000,69,8.2
1781498013255,8446.286,1,2.000,4.000,3,5,8.0,2.0,-1.240560,-0.394882,4.00000,0.000000,69,8.2
1781498192922,8625.953,1,4.000,2.000,3,5,8.0,2.0,0.574917,0.183002,-4.00000,0.000000,69,8.2
1781522957374,373.059,1,2.750,3.500,3,5,6.0,0.5,-0.003643,-0.001160,1.50000,0.000000,47,7.9
1781523069917,485.602,1,3.500,2.750,3,5,6.0,0.5,-0.049586,-0.015784,-1.50000,0.000000,47,7.9
1781523185759,601.444,1,2.750,3.500,3,5,6.0,0.5,0.133040,0.042348,1.50000,0.000000,47,7.9
1781523302114,717.799,1,3.500,2.750,3,5,6.0,0.5,-0.036919,-0.011752,-1.50000,0.000000,47,7.9
1781523418405,834.090,1,2.750,3.500,3,5,6.0,0.5,0.030590,0.009737,1.50000,0.000000,47,8.0
1781523534551,950.236,1,3.500,2.750,3,5,6.0,0.5,-0.148775,-0.047357,-1.50000,0.000000,47,7.9
1781523650733,1066.418,1,2.750,3.500,3,5,6.0,0.5,0.021322,0.006787,1.50000,0.000000,47,7.9
1781523766553,1182.238,1,3.500,2.750,3,5,6.0,0.5,-0.183883,-0.058532,-1.50000,0.000000,47,7.9
1781523882632,1298.317,1,2.750,3.500,3,5,6.0,0.5,0.102719,0.032697,1.50000,0.000000,47,7.9
1781523999588,1415.273,1,3.500,2.750,3,5,6.0,0.5,-0.173577,-0.055251,-1.50000,0.000000,47,7.9
1781524130229,1545.914,1,2.000,3.500,3,5,6.0,0.5,-0.641408,-0.204167,3.00000,0.000000,55,7.9
1781524261398,1677.083,1,3.500,2.000,3,5,6.0,0.5,0.584286,0.185984,-3.00000,0.000000,55,7.9
1781524392419,1808.104,1,2.000,3.500,3,5,6.0,0.5,-1.059874,-0.337368,3.00000,0.000000,55,7.9
1781524523480,1939.165,1,3.500,2.000,3,5,6.0,0.5,0.596079,0.189738,-3.00000,0.000000,55,7.9
1781524654973,2070.658,1,2.000,3.500,3,5,6.0,0.5,-0.739171,-0.235285,3.00000,0.000000,55,7.9
1781524786005,2201.690,1,3.500,2.000,3,5,6.0,0.5,0.673681,0.214439,-3.00000,0.000000,55,7.9
1781524917168,2332.853,1,2.000,3.500,3,5,6.0,0.5,-0.743778,-0.236752,3.00000,0.000000,55,7.9
1781525048780,2464.465,1,3.500,2.000,3,5,6.0,0.5,0.709273,0.225769,-3.00000,0.000000,55,7.9
1781525179908,2595.593,1,2.000,3.500,3,5,6.0,0.5,-0.836178,-0.266164,3.00000,0.000000,55,7.9
1781525310864,2726.549,1,3.500,2.000,3,5,6.0,0.5,0.753303,0.239784,-3.00000,0.000000,55,7.9
1781525371825,2787.510,1,2.000,4.000,1,4,6.0,0.5,-0.846762,-0.269533,6.00000,0.000000,55,8.2
1781525432464,2848.149,1,4.000,2.000,1,4,6.0,0.5,0.983266,0.312983,-6.00000,0.000000,56,8.1
1781525493314,2908.999,1,2.000,4.000,1,4,6.0,0.5,-0.954632,-0.303869,6.00000,0.000000,55,8.1
1781525554475,2970.160,1,4.000,2.000,1,4,6.0,0.5,0.833137,0.265196,-6.00000,0.000000,56,8.1
1781525615558,3031.243,1,2.000,4.000,1,4,6.0,0.5,-0.918263,-0.292292,6.00000,0.000000,55,8.1
1781525676473,3092.158,1,4.000,2.000,1,4,6.0,0.5,0.782274,0.249006,-6.00000,0.000000,57,8.1
1781525737810,3153.495,1,2.000,4.000,1,4,6.0,0.5,-0.754546,-0.240179,6.00000,0.000000,57,8.1
1781525798818,3214.503,1,4.000,2.000,1,4,6.0,0.5,1.057345,0.336563,-6.00000,0.000000,56,8.1
1781525859749,3275.434,1,2.000,4.000,1,4,6.0,0.5,-0.776235,-0.247083,6.00000,0.000000,56,8.1
1781525922491,3338.176,1,4.000,2.000,1,4,6.0,0.5,0.800789,0.254899,-6.00000,0.000000,57,8.2
1781526141135,3556.820,1,2.750,3.500,3,5,6.0,0.5,-0.020323,-0.006469,1.50000,0.000000,47,7.9
1781526257879,3673.564,1,3.500,2.750,3,5,6.0,0.5,-0.173983,-0.055380,-1.50000,0.000000,47,7.8
1781526374368,3790.053,1,2.750,3.500,3,5,6.0,0.5,0.033392,0.010629,1.50000,0.000000,47,7.9
1781526490834,3906.519,1,3.500,2.750,3,5,6.0,0.5,-0.177311,-0.056440,-1.50000,0.000000,47,7.9
1781526607159,4022.844,1,2.750,3.500,3,5,6.0,0.5,0.075753,0.024113,1.50000,0.000000,47,7.9
1781526723618,4139.303,1,3.500,2.750,3,5,6.0,0.5,-0.125713,-0.040016,-1.50000,0.000000,47,7.9
1781526840281,4255.966,1,2.750,3.500,3,5,6.0,0.5,0.096717,0.030786,1.50000,0.000000,47,7.9
1781526956714,4372.399,1,3.500,2.750,3,5,6.0,0.5,-0.136116,-0.043327,-1.50000,0.000000,47,7.9
1781527073309,4488.994,1,2.750,3.500,3,5,6.0,0.5,0.082679,0.026317,1.50000,0.000000,47,7.9
1781527189701,4605.386,1,3.500,2.750,3,5,6.0,0.5,-0.127772,-0.040671,-1.50000,0.000000,47,7.9
1781527320420,4736.105,1,2.000,3.500,3,5,6.0,0.5,-1.014715,-0.322994,3.00000,0.000000,55,7.9
1781527451759,4867.444,1,3.500,2.000,3,5,6.0,0.5,0.693079,0.220614,-3.00000,0.000000,55,7.9
1781527583816,4999.501,1,2.000,3.500,3,5,6.0,0.5,-0.687932,-0.218976,3.00000,0.000000,55,7.9
1781527715133,5130.818,1,3.500,2.000,3,5,6.0,0.5,0.795889,0.253339,-3.00000,0.000000,55,7.9
1781527846805,5262.490,1,2.000,3.500,3,5,6.0,0.5,-0.600159,-0.191037,3.00000,0.000000,55,7.9
1781527978179,5393.864,1,3.500,2.000,3,5,6.0,0.5,0.753956,0.239992,-3.00000,0.000000,55,7.9
1781528109763,5525.448,1,2.000,3.500,3,5,6.0,0.5,-0.722919,-0.230112,3.00000,0.000000,55,7.9
1781528241036,5656.721,1,3.500,2.000,3,5,6.0,0.5,0.978213,0.311375,-3.00000,0.000000,55,7.9
1781528372339,5788.024,1,2.000,3.500,3,5,6.0,0.5,-0.958148,-0.304988,3.00000,0.000000,55,7.9
1781528503997,5919.682,1,3.500,2.000,3,5,6.0,0.5,0.666384,0.212117,-3.00000,0.000000,55,7.9
1781528564097,5979.782,1,2.000,4.000,1,4,6.0,0.5,-0.902433,-0.287253,6.00000,0.000000,56,8.1
1781528624587,6040.272,1,4.000,2.000,1,4,6.0,0.5,0.839812,0.267321,-6.00000,0.000000,57,8.1
1781528685795,6101.480,1,2.000,4.000,1,4,6.0,0.5,-0.749267,-0.238499,6.00000,0.000000,56,8.0
1781528746960,6162.645,1,4.000,2.000,1,4,6.0,0.5,0.995452,0.316862,-6.00000,0.000000,56,8.2
1781528807770,6223.455,1,2.000,4.000,1,4,6.0,0.5,-0.828261,-0.263644,6.00000,0.000000,56,8.1
1781528868639,6284.324,1,4.000,2.000,1,4,6.0,0.5,0.938499,0.298734,-6.00000,0.000000,55,8.0
1781528930569,6346.254,1,2.000,4.000,1,4,6.0,0.5,-0.889520,-0.283143,6.00000,0.000000,55,8.2
1781528992551,6408.236,1,4.000,2.000,1,4,6.0,0.5,0.759053,0.241614,-6.00000,0.000000,56,8.2
1781529054309,6469.994,1,2.000,4.000,1,4,6.0,0.5,-0.781934,-0.248897,6.00000,0.000000,56,8.1
1781529116020,6531.705,1,4.000,2.000,1,4,6.0,0.5,0.785567,0.250054,-6.00000,0.000000,55,8.1
1781535224647,235.168,1,2.750,3.500,3,5,6.0,0.5,0.233510,0.074329,1.50000,0.000000,46,7.9
1781535342067,352.588,1,3.500,2.750,3,5,6.0,0.5,-0.089491,-0.028486,-1.50000,0.000000,47,7.9
1781535458617,469.138,1,2.750,3.500,3,5,6.0,0.5,-0.036554,-0.011635,1.50000,0.000000,46,7.8
1781535575507,586.028,1,3.500,2.750,3,5,6.0,0.5,-0.054954,-0.017492,-1.50000,0.000000,46,7.9
1781535692097,702.618,1,2.750,3.500,3,5,6.0,0.5,0.162956,0.051871,1.50000,0.000000,47,7.9
1781535808535,819.056,1,3.500,2.750,3,5,6.0,0.5,-0.266400,-0.084798,-1.50000,0.000000,47,7.9
1781535925020,935.541,1,2.750,3.500,3,5,6.0,0.5,0.101523,0.032316,1.50000,0.000000,47,7.9
1781536041263,1051.784,1,3.500,2.750,3,5,6.0,0.5,-0.152506,-0.048544,-1.50000,0.000000,47,7.9
1781536157429,1167.950,1,2.750,3.500,3,5,6.0,0.5,0.064634,0.020574,1.50000,0.000000,47,7.9
1781536273872,1284.393,1,3.500,2.750,3,5,6.0,0.5,-0.169810,-0.054052,-1.50000,0.000000,47,7.9
1781536404226,1414.747,1,2.000,3.500,3,5,6.0,0.5,-0.425365,-0.135398,3.00000,0.000000,55,7.9
1781536535507,1546.028,1,3.500,2.000,3,5,6.0,0.5,0.450932,0.143536,-3.00000,0.000000,55,7.9
1781536666665,1677.186,1,2.000,3.500,3,5,6.0,0.5,-0.452326,-0.143980,3.00000,0.000000,55,7.9
1781536798125,1808.646,1,3.500,2.000,3,5,6.0,0.5,0.417913,0.133026,-3.00000,0.000000,55,7.9
1781536929366,1939.887,1,2.000,3.500,3,5,6.0,0.5,-0.431531,-0.137360,3.00000,0.000000,55,6.9
1781537060258,2070.779,1,3.500,2.000,3,5,6.0,0.5,0.445435,0.141786,-3.00000,0.000000,55,7.1
1781537192580,2203.101,1,2.000,3.500,3,5,6.0,0.5,-0.649766,-0.206827,3.00000,0.000000,55,7.9
1781537323704,2334.225,1,3.500,2.000,3,5,6.0,0.5,0.411015,0.130830,-3.00000,0.000000,55,7.9
1781537454914,2465.435,1,2.000,3.500,3,5,6.0,0.5,-0.447346,-0.142395,3.00000,0.000000,55,7.9
1781537585834,2596.355,1,3.500,2.000,3,5,6.0,0.5,0.422236,0.134402,-3.00000,0.000000,55,7.9
1781537644943,2655.464,1,2.000,4.000,1,4,6.0,0.5,-0.905558,-0.288248,6.00000,0.000000,55,8.1
1781537706163,2716.684,1,4.000,2.000,1,4,6.0,0.5,0.999371,0.318110,-6.00000,0.000000,56,8.1
1781537767774,2778.295,1,2.000,4.000,1,4,6.0,0.5,-0.845144,-0.269018,6.00000,0.000000,56,8.1
1781537828518,2839.039,1,4.000,2.000,1,4,6.0,0.5,1.090135,0.347001,-6.00000,0.000000,55,8.1
1781537889128,2899.649,1,2.000,4.000,1,4,6.0,0.5,-0.856897,-0.272759,6.00000,0.000000,54,8.0
1781537950457,2960.978,1,4.000,2.000,1,4,6.0,0.5,1.167896,0.371753,-6.00000,0.000000,54,8.1
1781538012429,3022.950,1,2.000,4.000,1,4,6.0,0.5,-1.015834,-0.323350,6.00000,0.000000,55,8.1
1781538074992,3085.513,1,4.000,2.000,1,4,6.0,0.5,0.875630,0.278722,-6.00000,0.000000,56,8.1
1781538136271,3146.792,1,2.000,4.000,1,4,6.0,0.5,-1.006230,-0.320293,6.00000,0.000000,55,8.1
1781538198790,3209.311,1,4.000,2.000,1,4,6.0,0.5,1.002847,0.319216,-6.00000,0.000000,56,8.1
1781550929461,541.429,1,2.000,3.500,3,5,20.0,4.0,-1.380694,-0.439489,3.00000,0.000000,86,7.4
1781551231932,843.900,1,3.500,2.000,3,5,20.0,4.0,1.083855,0.345002,-3.00000,0.000000,87,7.4
1781551904682,1516.650,1,2.750,3.500,3,5,6.0,0.5,0.095963,0.030546,1.50000,0.011097,47,7.0
1781552024881,1636.849,1,3.500,2.750,3,5,6.0,0.5,-0.224039,-0.071314,-1.50000,0.000000,46,7.0
1781552723651,2335.619,1,2.750,3.500,3,5,6.0,0.5,0.088393,0.028136,1.50000,0.000000,46,7.0
1781552844621,2456.589,1,3.500,2.750,3,5,6.0,0.5,-0.163263,-0.051968,-1.50000,0.000153,46,7.0
1781552965406,2577.374,1,2.750,3.500,3,5,6.0,0.5,-0.017276,-0.005499,1.50000,0.011097,46,6.9
1781553091941,2703.909,1,3.500,2.750,3,5,6.0,0.5,-0.101114,-0.032186,-1.50000,0.000000,46,6.3
1781553377028,2988.996,1,2.750,3.500,3,5,6.0,0.5,0.060356,0.019212,1.50000,0.005883,47,7.0
1781553685558,3297.526,1,3.500,2.750,3,5,6.0,0.5,-0.179019,-0.056983,-1.50000,0.005368,47,6.5
1781652820618,2533.782,1,2.750,3.500,3,5,6.0,0.5,0.048392,0.015404,1.50000,0.000000,47,7.0
1781652932705,2645.869,1,3.500,2.750,3,5,6.0,0.5,-0.072743,-0.023155,-1.50000,0.000000,47,7.0
1781653044479,2757.643,1,2.750,3.500,3,5,6.0,0.5,0.016668,0.005306,1.50000,0.000000,47,7.0
1781653152055,2865.219,1,3.500,2.750,3,5,6.0,0.5,-0.057004,-0.018145,-1.50000,0.000000,47,7.0
1781653263879,2977.043,1,2.750,3.500,3,5,6.0,0.5,-0.013538,-0.004309,1.50000,0.000000,47,6.9
1781653371711,3084.875,1,3.500,2.750,3,5,6.0,0.5,-0.013969,-0.004446,-1.50000,0.000000,47,7.0
1781653479177,3192.341,1,2.750,3.500,3,5,6.0,0.5,0.003989,0.001270,1.50000,0.000000,47,7.0
1781653586728,3299.892,1,3.500,2.750,3,5,6.0,0.5,-0.049483,-0.015751,-1.50000,0.000000,47,6.9
1781653699097,3412.261,1,2.750,3.500,3,5,6.0,0.5,0.036738,0.011694,1.50000,0.000000,47,6.9
1781653811630,3524.794,1,3.500,2.750,3,5,6.0,0.5,-0.089759,-0.028571,-1.50000,0.000000,47,6.9
1781653938149,3651.313,1,2.000,3.500,3,5,6.0,0.5,-0.746961,-0.237765,3.00000,0.000000,55,6.9
1781654065355,3778.519,1,3.500,2.000,3,5,6.0,0.5,0.650543,0.207074,-3.00000,0.000000,55,6.9
1781654192598,3905.762,1,2.000,3.500,3,5,6.0,0.5,-0.680339,-0.216559,3.00000,0.000000,55,6.9
1781654319704,4032.868,1,3.500,2.000,3,5,6.0,0.5,0.726925,0.231387,-3.00000,0.000000,55,6.9
1781654446762,4159.926,1,2.000,3.500,3,5,6.0,0.5,-0.808179,-0.257251,3.00000,0.000000,55,6.9
1781654573729,4286.893,1,3.500,2.000,3,5,6.0,0.5,0.644402,0.205119,-3.00000,0.000000,55,6.9
1781654700636,4413.800,1,2.000,3.500,3,5,6.0,0.5,-0.711722,-0.226548,3.00000,0.000000,55,6.9
1781654827896,4541.060,1,3.500,2.000,3,5,6.0,0.5,0.755875,0.240603,-3.00000,0.000000,55,6.9
1781654955018,4668.182,1,2.000,3.500,3,5,6.0,0.5,-0.707209,-0.225111,3.00000,0.000000,55,6.9
1781655082297,4795.461,1,3.500,2.000,3,5,6.0,0.5,0.650554,0.207078,-3.00000,0.000000,55,6.9
1781655208709,4921.873,1,2.000,4.000,3,5,6.0,0.5,-0.688472,-0.219147,4.00000,0.000000,55,6.9
1781655336036,5049.200,1,4.000,2.000,3,5,6.0,0.5,0.969363,0.308558,-4.00000,0.000000,55,6.9
1781655463250,5176.414,1,2.000,4.000,3,5,6.0,0.5,-0.473422,-0.150695,4.00000,0.000000,55,6.9
1781655590635,5303.799,1,4.000,2.000,3,5,6.0,0.5,0.501862,0.159748,-4.00000,0.000000,55,6.9
1781655718113,5431.277,1,2.000,4.000,3,5,6.0,0.5,-0.570872,-0.181714,4.00000,0.000000,55,6.9
1781655845336,5558.500,1,4.000,2.000,3,5,6.0,0.5,0.481332,0.153213,-4.00000,0.000000,55,6.9
1781655972858,5686.022,1,2.000,4.000,3,5,6.0,0.5,-0.659783,-0.210015,4.00000,0.000000,55,6.9
1781656100185,5813.349,1,4.000,2.000,3,5,6.0,0.5,0.860889,0.274029,-4.00000,0.000000,55,6.8
1781656230248,5943.412,1,2.000,4.000,3,5,6.0,0.5,-0.009282,-0.002954,4.00000,0.000000,18,6.6
1781656363132,6076.296,1,4.000,2.000,3,5,6.0,0.5,0.834523,0.265637,-4.00000,0.000000,56,6.8
1781659691944,9405.108,1,2.000,4.000,3,5,6.0,0.5,-0.405795,-0.129169,4.00000,0.000000,56,5.6
1781659819466,9532.630,2,2.000,4.000,3,5,6.0,0.5,-0.622392,-0.198114,4.00000,0.000000,57,5.6
1781660055829,9768.993,1,4.000,2.000,3,5,6.0,0.5,0.912523,0.290465,-4.00000,0.000000,56,5.6
1781660183354,9896.518,2,4.000,2.000,3,5,6.0,0.5,0.671373,0.213705,-4.00000,0.000000,57,5.7
1781788128999,419.140,1,2.000,3.500,3,5,10.0,2.0,-0.703296,-0.223866,3.00000,0.000000,75,6.8
1781788313149,603.290,1,3.500,2.000,3,5,10.0,2.0,0.652165,0.207591,-3.00000,0.000000,75,6.8
1781788497759,787.900,1,2.000,3.500,3,5,10.0,2.0,-0.549001,-0.174752,3.00000,0.000000,75,6.8
1781788682096,972.237,1,3.500,2.000,3,5,10.0,2.0,0.640213,0.203786,-3.00000,0.000000,75,6.8
1781788866582,1156.723,1,2.000,3.500,3,5,10.0,2.0,-0.940612,-0.299406,3.00000,0.000000,75,6.8
1781789051096,1341.237,1,3.500,2.000,3,5,10.0,2.0,0.716816,0.228170,-3.00000,0.000000,75,6.8
1781789235606,1525.747,1,2.000,3.500,3,5,10.0,2.0,-0.883034,-0.281078,3.00000,0.000000,75,6.8
1781789419851,1709.992,1,3.500,2.000,3,5,10.0,2.0,0.908279,0.289114,-3.00000,0.000000,75,6.8
1781789604153,1894.294,1,2.000,3.500,3,5,10.0,2.0,-0.718072,-0.228569,3.00000,0.000000,75,6.6
1781789789135,2079.276,1,3.500,2.000,3,5,10.0,2.0,0.667519,0.212478,-3.00000,0.000000,75,6.7
1781789973962,2264.103,1,2.000,3.500,3,5,10.0,2.0,-0.562487,-0.179045,3.00000,0.000000,75,6.7
1781790159051,2449.192,1,3.500,2.000,3,5,10.0,2.0,0.688649,0.219204,-3.00000,0.000000,75,6.7
1781916949558,1030.367,1,3.500,2.000,3,5,20.0,4.0,0.585780,0.186460,-3.00000,0.000000,86,5.7
1781917465567,1546.376,1,2.000,3.500,3,5,20.0,4.0,-0.717670,-0.228441,3.00000,0.000000,85,7.2
1781956963979,1140.164,1,2.750,3.500,3,5,6.0,0.5,0.115472,0.036756,1.50000,0.000000,45,6.6
1781957076395,1252.580,1,3.500,2.750,3,5,6.0,0.5,0.077788,0.024761,-1.50000,0.000000,47,6.6
1781957188936,1365.121,1,2.750,3.500,3,5,6.0,0.5,0.073638,0.023440,1.50000,0.000000,47,6.5
1781957298040,1474.225,1,3.500,2.750,3,5,6.0,0.5,-0.218015,-0.069396,-1.50000,0.000000,45,6.5
1781957407039,1583.224,1,2.750,3.500,3,5,6.0,0.5,0.118170,0.037615,1.50000,0.000000,45,6.5
1781957516012,1692.197,1,3.500,2.750,3,5,6.0,0.5,-0.110294,-0.035108,-1.50000,0.000000,45,6.5
1781957625247,1801.432,1,2.750,3.500,3,5,6.0,0.5,0.049504,0.015758,1.50000,0.000000,45,6.5
1781957735197,1911.382,1,3.500,2.750,3,5,6.0,0.5,-0.216548,-0.068929,-1.50000,0.000000,45,6.5
1781957844435,2020.620,1,2.750,3.500,3,5,6.0,0.5,0.098192,0.031256,1.50000,0.000000,45,6.5
1781957954193,2130.378,1,3.500,2.750,3,5,6.0,0.5,-0.299282,-0.095264,-1.50000,0.000000,45,6.4
1781958081390,2257.575,1,2.000,3.500,3,5,6.0,0.5,-0.890628,-0.283496,3.00000,0.000000,55,6.3
1781958209169,2385.354,1,3.500,2.000,3,5,6.0,0.5,0.568472,0.180950,-3.00000,0.000000,55,6.4
1781958337070,2513.255,1,2.000,3.500,3,5,6.0,0.5,-1.003968,-0.319573,3.00000,0.000000,55,6.4
1781958464830,2641.015,1,3.500,2.000,3,5,6.0,0.5,1.461904,0.465339,-3.00000,0.000000,55,6.4
1781958592515,2768.700,1,2.000,3.500,3,5,6.0,0.5,-0.526488,-0.167586,3.00000,0.000000,55,6.3
1781958720472,2896.657,1,3.500,2.000,3,5,6.0,0.5,0.628702,0.200122,-3.00000,0.000000,55,6.4
1781958848267,3024.452,1,2.000,3.500,3,5,6.0,0.5,-0.683937,-0.217704,3.00000,0.000000,55,6.4
1781958975885,3152.070,1,3.500,2.000,3,5,6.0,0.5,0.946629,0.301321,-3.00000,0.000000,55,6.5
1781959103452,3279.637,1,2.000,3.500,3,5,6.0,0.5,-0.657386,-0.209252,3.00000,0.000000,55,6.5
1781959231174,3407.359,1,3.500,2.000,3,5,6.0,0.5,0.647668,0.206159,-3.00000,0.000000,55,6.4
1781959358297,3534.482,1,2.000,4.000,3,5,6.0,0.5,-0.782043,-0.248932,4.00000,0.000000,55,6.4
1781959486315,3662.500,1,4.000,2.000,3,5,6.0,0.5,0.819008,0.260698,-4.00000,0.000000,55,6.4
1781959614841,3791.026,1,2.000,4.000,3,5,6.0,0.5,-0.492148,-0.156656,4.00000,0.000000,55,6.3
1781959744683,3920.868,1,4.000,2.000,3,5,6.0,0.5,0.599273,0.190754,-4.00000,0.000000,55,6.1
1781959874435,4050.620,1,2.000,4.000,3,5,6.0,0.5,-0.451648,-0.143764,4.00000,0.000000,55,6.3
1781960003797,4179.982,1,4.000,2.000,3,5,6.0,0.5,0.563011,0.179212,-4.00000,0.000000,55,6.2
1781960133307,4309.492,1,2.000,4.000,3,5,6.0,0.5,-0.608366,-0.193649,4.00000,0.000000,55,6.3
1781960262862,4439.047,1,4.000,2.000,3,5,6.0,0.5,0.416931,0.132713,-4.00000,0.000000,55,6.0
1781960394571,4570.756,1,2.000,4.000,3,5,6.0,0.5,-0.692830,-0.220535,4.00000,0.000000,56,6.0
1781960527964,4704.149,1,4.000,2.000,3,5,6.0,0.5,0.571060,0.181774,-4.00000,0.000000,56,5.6
1781963051072,517.200,1,2.000,3.500,3,5,10.0,2.0,-0.561836,-0.178838,3.00000,0.000000,72,19.5
1781963235545,701.673,1,3.500,2.000,3,5,10.0,2.0,0.644919,0.205284,-3.00000,0.000000,73,17.7
1781964487914,172.731,1,2.000,3.500,3,5,20.0,4.0,-0.470998,-0.149923,3.00000,0.000000,91,19.7
1781964588167,272.984,1,3.500,2.000,3,5,20.0,4.0,0.428760,0.136479,-3.00000,0.000000,91,19.4
1781964688486,373.303,1,2.000,3.500,3,5,20.0,4.0,-0.502685,-0.160010,3.00000,0.000000,91,19.3
1781964788888,473.705,1,3.500,2.000,3,5,20.0,4.0,0.397200,0.126433,-3.00000,0.000000,91,19.3
1781964889173,573.990,1,2.000,3.500,3,5,20.0,4.0,-0.352956,-0.112349,3.00000,0.000000,91,19.3
1781964989493,674.310,1,3.500,2.000,3,5,20.0,4.0,0.632857,0.201445,-3.00000,0.000000,92,19.3
1781965089837,774.654,1,2.000,3.500,3,5,20.0,4.0,-0.347476,-0.110605,3.00000,0.000000,93,19.3
1781965190184,875.001,1,3.500,2.000,3,5,20.0,4.0,0.612431,0.194943,-3.00000,0.000000,91,19.2
1781965290468,975.285,1,2.000,3.500,3,5,20.0,4.0,-0.376918,-0.119977,3.00000,0.000000,91,19.2
1781965390680,1075.497,1,3.500,2.000,3,5,20.0,4.0,0.383912,0.122203,-3.00000,0.000000,93,19.2
1781965491018,1175.836,1,2.000,3.500,3,5,20.0,4.0,-0.437760,-0.139343,3.00000,0.000000,91,19.4
1781965591320,1276.137,1,3.500,2.000,3,5,20.0,4.0,0.556492,0.177137,-3.00000,0.000000,91,19.3
1781996280551,157.195,1,2.750,3.500,3,5,6.0,0.5,0.050263,0.015999,1.50000,0.000000,51,19.4
1781996310834,187.478,1,3.500,2.750,3,5,6.0,0.5,-0.081454,-0.025927,-1.50000,0.000000,51,19.3
1781996341043,217.687,1,2.750,3.500,3,5,6.0,0.5,0.070549,0.022456,1.50000,0.000000,51,19.3
1781996371324,247.968,1,3.500,2.750,3,5,6.0,0.5,-0.137795,-0.043862,-1.50000,0.000000,51,19.3
1781996401596,278.240,1,2.750,3.500,3,5,6.0,0.5,0.051976,0.016545,1.50000,0.000000,51,19.2
1781996431798,308.442,1,3.500,2.750,3,5,6.0,0.5,-0.145156,-0.046205,-1.50000,0.000000,51,19.4
1781996462085,338.729,1,2.750,3.500,3,5,6.0,0.5,0.015481,0.004928,1.50000,0.000000,51,19.3
1781996492274,368.918,1,3.500,2.750,3,5,6.0,0.5,-0.381888,-0.121559,-1.50000,0.000000,51,19.5
1781996522550,399.194,1,2.750,3.500,3,5,6.0,0.5,0.079522,0.025313,1.50000,0.000000,51,19.3
1781996552775,429.419,1,3.500,2.750,3,5,6.0,0.5,-0.232412,-0.073979,-1.50000,0.000000,51,19.3
1781996582070,458.714,1,2.000,3.500,3,5,6.0,0.5,-0.816518,-0.259906,3.00000,0.000000,62,19.3
1781996612307,488.951,1,3.500,2.000,3,5,6.0,0.5,0.681975,0.217079,-3.00000,0.000000,62,19.3
1781996642575,519.219,1,2.000,3.500,3,5,6.0,0.5,-0.813442,-0.258927,3.00000,0.000000,61,19.3
1781996672791,549.435,1,3.500,2.000,3,5,6.0,0.5,1.690746,0.538181,-3.00000,0.000000,63,19.3
1781996703051,579.695,1,2.000,3.500,3,5,6.0,0.5,-0.740195,-0.235611,3.00000,0.000000,62,19.2
1781996733273,609.917,1,3.500,2.000,3,5,6.0,0.5,1.382548,0.440079,-3.00000,0.000000,63,19.3
1781996763571,640.215,1,2.000,3.500,3,5,6.0,0.5,-1.110752,-0.353563,3.00000,0.000000,62,19.3
1781996793862,670.506,1,3.500,2.000,3,5,6.0,0.5,0.573865,0.182667,-3.00000,0.000000,63,19.3
1781996824129,700.773,1,2.000,3.500,3,5,6.0,0.5,-1.684675,-0.536249,3.00000,0.000000,63,19.3
1781996854358,731.002,1,3.500,2.000,3,5,6.0,0.5,0.885535,0.281875,-3.00000,0.000000,63,19.4
1781996883666,760.310,1,2.000,4.000,3,5,6.0,0.5,-0.558921,-0.177910,4.00000,0.000000,65,19.2
1781996913932,790.576,1,4.000,2.000,3,5,6.0,0.5,0.673783,0.214472,-4.00000,0.000000,65,19.4
1781996944205,820.849,1,2.000,4.000,3,5,6.0,0.5,-0.545349,-0.173590,4.00000,0.000000,65,19.3
1781996974421,851.065,1,4.000,2.000,3,5,6.0,0.5,0.816113,0.259777,-4.00000,0.000000,65,19.4
1781997004640,881.284,1,2.000,4.000,3,5,6.0,0.5,-1.200484,-0.382126,4.00000,0.000000,65,19.4
1781997034913,911.557,1,4.000,2.000,3,5,6.0,0.5,0.720213,0.229251,-4.00000,0.000000,65,19.4
1781997065161,941.805,1,2.000,4.000,3,5,6.0,0.5,-1.322898,-0.421091,4.00000,0.000000,65,19.2
1781997095430,972.074,1,4.000,2.000,3,5,6.0,0.5,1.268810,0.403875,-4.00000,0.000000,65,19.4
1781997125668,1002.312,1,2.000,4.000,3,5,6.0,0.5,-0.485177,-0.154437,4.00000,0.000000,65,19.6
1781997155925,1032.569,1,4.000,2.000,3,5,6.0,0.5,0.718495,0.228704,-4.00000,0.000000,65,19.3
1781997404963,1281.607,1,2.000,4.000,3,5,6.0,0.5,-0.619104,-0.197067,4.00000,0.000000,65,19.3
1781997462872,1339.516,1,4.000,2.000,3,5,6.0,0.5,0.691688,0.220171,-4.00000,2.301885,65,19.2
1781997548371,1425.015,1,2.000,4.000,3,5,6.0,0.5,-0.514542,-0.163784,4.00000,0.000000,62,10.3
1781997613116,1489.760,1,4.000,2.000,3,5,6.0,0.5,0.938005,0.298576,-4.00000,0.000000,65,7.3
1781997665429,1542.073,1,2.000,4.000,3,5,6.0,0.5,-0.522990,-0.166473,4.00000,0.000000,62,19.3
1781997695646,1572.290,1,4.000,2.000,3,5,6.0,0.5,0.569864,0.181393,-4.00000,0.000000,65,19.4
1781997725936,1602.580,1,2.000,4.000,3,5,6.0,0.5,-0.720066,-0.229204,4.00000,0.000000,65,19.3
1781997756301,1632.945,1,4.000,2.000,3,5,6.0,0.5,0.757849,0.241231,-4.00000,0.000000,68,18.9
1781997786568,1663.212,1,2.000,4.000,3,5,6.0,0.5,-0.630115,-0.200572,4.00000,0.000000,68,19.3
1781997816774,1693.418,1,4.000,2.000,3,5,6.0,0.5,0.966029,0.307497,-4.00000,0.000000,68,19.2
1781997847039,1723.683,1,2.000,4.000,3,5,6.0,0.5,-0.915962,-0.291560,4.00000,0.000000,65,19.3
1781997877270,1753.914,1,4.000,2.000,3,5,6.0,0.5,0.621816,0.197930,-4.00000,0.000000,65,19.4
1781997907510,1784.154,1,2.000,4.000,3,5,6.0,0.5,-0.701512,-0.223298,4.00000,0.000000,65,19.3
1781997937713,1814.357,1,4.000,2.000,3,5,6.0,0.5,1.002995,0.319263,-4.00000,0.000000,65,19.5
1781997967889,1844.533,1,2.000,4.000,3,5,6.0,0.5,-1.000187,-0.318369,4.00000,0.000000,65,19.4
1781997998137,1874.781,1,4.000,2.000,3,5,6.0,0.5,0.535601,0.170487,-4.00000,0.000000,65,19.3
1782053060266,1707.682,1,2.000,3.500,3,5,20.0,4.0,-0.657086,-0.209157,3.00000,0.000000,91,19.7
1782053241824,1889.240,1,3.500,2.000,3,5,20.0,4.0,0.882837,0.281016,-3.00000,0.000000,93,19.1
1782076654614,1010.663,1,2.000,3.500,3,5,20.0,4.0,-0.613375,-0.195243,3.00000,0.000000,93,18.9
1782076754903,1110.952,1,3.500,2.000,3,5,20.0,4.0,1.259971,0.401061,-3.00000,0.000000,93,18.9
1782076855196,1211.245,1,2.000,3.500,3,5,20.0,4.0,-0.600582,-0.191171,3.00000,0.000000,92,19.3
1782076955524,1311.573,1,3.500,2.000,3,5,20.0,4.0,1.180989,0.375920,-3.00000,0.000000,93,19.3
1782077055802,1411.851,1,2.000,3.500,3,5,20.0,4.0,-0.690040,-0.219647,3.00000,0.000000,93,19.7
1782080629410,2288.881,1,2.000,3.500,3,5,20.0,4.0,-1.269966,-0.404243,3.00000,0.415242,93,18.4
1782080792628,2452.099,1,3.500,2.000,3,5,20.0,4.0,0.678389,0.215938,-3.00000,0.040830,93,18.8
1782080917194,2576.665,1,2.000,3.500,3,5,20.0,4.0,-0.472377,-0.150362,3.00000,0.415242,93,18.9
1782081028083,2687.554,1,2.000,3.500,3,5,20.0,4.0,-0.810915,-0.258122,3.00000,0.415242,93,18.9
1782081128436,2787.907,1,3.500,2.000,3,5,20.0,4.0,1.716113,0.546256,-3.00000,0.040830,93,19.1
1782081228702,2888.173,1,2.000,3.500,3,5,20.0,4.0,-0.851475,-0.271033,3.00000,0.415242,93,19.0
1782081328996,2988.467,1,3.500,2.000,3,5,20.0,4.0,1.217906,0.387672,-3.00000,0.037063,93,19.0
1782081429287,3088.758,1,2.000,3.500,3,5,20.0,4.0,-1.533446,-0.488111,3.00000,0.415242,93,18.9
1782081529524,3188.995,1,3.500,2.000,3,5,20.0,4.0,0.754049,0.240021,-3.00000,0.040830,93,18.9
1782081629851,3289.322,1,2.000,3.500,3,5,20.0,4.0,-0.659493,-0.209923,3.00000,0.415242,93,18.9
1782089271607,1217.826,1,2.750,3.500,3,5,6.0,0.5,0.066243,0.021086,1.50000,0.000000,51,19.8
1782089301864,1248.083,1,3.500,2.750,3,5,6.0,0.5,-0.050614,-0.016111,-1.50000,0.000000,51,19.8
1782089332104,1278.323,1,2.750,3.500,3,5,6.0,0.5,-0.007681,-0.002445,1.50000,0.000000,51,19.7
1782089362346,1308.565,1,3.500,2.750,3,5,6.0,0.5,-0.199926,-0.063638,-1.50000,0.000000,51,19.7
1782089392532,1338.751,1,2.750,3.500,3,5,6.0,0.5,-0.046025,-0.014650,1.50000,0.000000,51,19.8
1782089422737,1368.956,1,3.500,2.750,3,5,6.0,0.5,-0.240899,-0.076681,-1.50000,0.000000,51,19.8
1782089452948,1399.167,1,2.750,3.500,3,5,6.0,0.5,0.009461,0.003011,1.50000,0.000000,51,19.7
1782089483200,1429.419,1,3.500,2.750,3,5,6.0,0.5,-0.095724,-0.030470,-1.50000,0.000000,51,19.8
1782089513434,1459.653,1,2.750,3.500,3,5,6.0,0.5,0.009689,0.003084,1.50000,0.000000,51,19.7
1782089543656,1489.875,1,3.500,2.750,3,5,6.0,0.5,-0.205823,-0.065515,-1.50000,0.000000,51,19.6
1782089572976,1519.195,1,2.000,3.500,3,5,6.0,0.5,-0.803364,-0.255719,3.00000,0.000000,63,19.8
1782089603228,1549.447,1,3.500,2.000,3,5,6.0,0.5,0.664363,0.211473,-3.00000,0.000000,63,19.7
1782089633396,1579.615,1,2.000,3.500,3,5,6.0,0.5,-0.696202,-0.221608,3.00000,0.000000,63,19.7
1782089663603,1609.822,1,3.500,2.000,3,5,6.0,0.5,0.645866,0.205586,-3.00000,0.000000,63,19.8
1782089693819,1640.038,1,2.000,3.500,3,5,6.0,0.5,-0.774028,-0.246381,3.00000,0.000000,63,19.7
1782089724018,1670.237,1,3.500,2.000,3,5,6.0,0.5,1.161030,0.369567,-3.00000,0.000000,63,19.6
1782089754233,1700.452,1,2.000,3.500,3,5,6.0,0.5,-0.855656,-0.272364,3.00000,0.000000,63,19.8
1782089784433,1730.652,1,3.500,2.000,3,5,6.0,0.5,0.613820,0.195385,-3.00000,0.000000,63,19.8
1782089814690,1760.909,1,2.000,3.500,3,5,6.0,0.5,-1.146910,-0.365073,3.00000,0.000000,63,19.8
1782089844901,1791.120,1,3.500,2.000,3,5,6.0,0.5,0.732719,0.233232,-3.00000,0.000000,63,19.8
1782089874136,1820.355,1,2.000,4.000,3,5,6.0,0.5,-1.078085,-0.343165,4.00000,0.000000,65,19.7
1782089904405,1850.624,1,4.000,2.000,3,5,6.0,0.5,0.669136,0.212992,-4.00000,0.000000,65,19.8
1782089934624,1880.843,1,2.000,4.000,3,5,6.0,0.5,-1.270929,-0.404549,4.00000,0.000000,65,19.7
1782089964858,1911.077,1,4.000,2.000,3,5,6.0,0.5,0.692820,0.220531,-4.00000,0.000000,65,19.7
1782089995121,1941.340,1,2.000,4.000,3,5,6.0,0.5,-0.661140,-0.210447,4.00000,0.000000,65,19.7
1782090025330,1971.549,1,4.000,2.000,3,5,6.0,0.5,0.687044,0.218693,-4.00000,0.000000,65,19.7
1782090055547,2001.766,1,2.000,4.000,3,5,6.0,0.5,-0.695383,-0.221347,4.00000,0.000000,65,19.7
1782090085783,2032.002,1,4.000,2.000,3,5,6.0,0.5,1.610268,0.512564,-4.00000,0.000000,65,19.7
1782090116022,2062.241,1,2.000,4.000,3,5,6.0,0.5,-0.767410,-0.244274,4.00000,0.000000,65,19.8
1782090146227,2092.446,1,4.000,2.000,3,5,6.0,0.5,1.261469,0.401538,-4.00000,0.000000,65,19.9
1782152920928,394.526,1,2.750,3.500,3,5,6.0,0.5,0.060236,0.019174,1.50000,0.000000,51,19.9
1782152951191,424.789,1,3.500,2.750,3,5,6.0,0.5,-0.227430,-0.072393,-1.50000,0.000000,51,19.8
1782152981359,454.957,1,2.750,3.500,3,5,6.0,0.5,0.095076,0.030264,1.50000,0.000000,51,19.8
1782153011650,485.248,1,3.500,2.750,3,5,6.0,0.5,-0.233318,-0.074267,-1.50000,0.000000,52,19.8
1782153041819,515.417,1,2.750,3.500,3,5,6.0,0.5,0.038515,0.012260,1.50000,0.000000,51,19.8
1782153072010,545.608,1,3.500,2.750,3,5,6.0,0.5,-0.166096,-0.052870,-1.50000,0.000000,51,19.8
1782153102196,575.794,1,2.750,3.500,3,5,6.0,0.5,0.063014,0.020058,1.50000,0.000000,51,19.9
1782153132362,605.960,1,3.500,2.750,3,5,6.0,0.5,-0.170949,-0.054415,-1.50000,0.000000,51,19.5
1782153162564,636.162,1,2.750,3.500,3,5,6.0,0.5,0.093633,0.029804,1.50000,0.000000,51,20.0
1782153192884,666.482,1,3.500,2.750,3,5,6.0,0.5,-0.342421,-0.108996,-1.50000,0.000000,52,20.0
1782153222180,695.778,1,2.000,3.500,3,5,6.0,0.5,-0.502034,-0.159802,3.00000,0.000000,65,20.1
1782153252513,726.111,1,3.500,2.000,3,5,6.0,0.5,0.555764,0.176905,-3.00000,0.000000,65,20.1
1782153282775,756.373,1,2.000,3.500,3,5,6.0,0.5,-0.372331,-0.118517,3.00000,0.000000,65,20.1
1782153312989,786.587,1,3.500,2.000,3,5,6.0,0.5,1.433468,0.456287,-3.00000,0.000000,63,19.7
1782153343164,816.762,1,2.000,3.500,3,5,6.0,0.5,-0.566778,-0.180411,3.00000,0.000000,63,19.7
1782153373378,846.976,1,3.500,2.000,3,5,6.0,0.5,0.792851,0.252372,-3.00000,0.000000,63,19.8
1782153403598,877.196,1,2.000,3.500,3,5,6.0,0.5,-1.673661,-0.532743,3.00000,0.000000,63,19.3
1782153433851,907.449,1,3.500,2.000,3,5,6.0,0.5,0.559640,0.178139,-3.00000,0.000000,64,19.3
1782153464129,937.727,1,2.000,3.500,3,5,6.0,0.5,-0.794068,-0.252760,3.00000,0.000000,63,19.3
1782153494341,967.939,1,3.500,2.000,3,5,6.0,0.5,0.596974,0.190023,-3.00000,0.000000,62,19.4
1782153523672,997.270,1,2.000,4.000,3,5,6.0,0.5,-1.076225,-0.342573,4.00000,0.000000,65,19.4
1782153553959,1027.557,1,4.000,2.000,3,5,6.0,0.5,0.892259,0.284015,-4.00000,0.000000,65,19.0
1782153584181,1057.779,1,2.000,4.000,3,5,6.0,0.5,-0.611571,-0.194669,4.00000,0.000000,66,19.3
1782153614487,1088.085,1,4.000,2.000,3,5,6.0,0.5,0.751002,0.239051,-4.00000,0.000000,66,9.4
1782153645340,1118.938,1,2.000,4.000,3,5,6.0,0.5,-0.691563,-0.220131,4.00000,0.000000,54,8.5
1782153675751,1149.349,1,4.000,2.000,3,5,6.0,0.5,0.461092,0.146770,-4.00000,0.000000,65,11.7
1782153706085,1179.683,1,2.000,4.000,3,5,6.0,0.5,-0.950353,-0.302507,4.00000,0.000000,72,11.8
1782153736375,1209.973,1,4.000,2.000,3,5,6.0,0.5,0.571120,0.181793,-4.00000,0.000000,73,11.7
1782153766648,1240.246,1,2.000,4.000,3,5,6.0,0.5,-0.417925,-0.133030,4.00000,0.000000,73,11.5
1782153796971,1270.569,1,4.000,2.000,3,5,6.0,0.5,1.433589,0.456325,-4.00000,0.000000,72,12.0
1782154390366,117.458,1,2.750,3.500,3,5,6.0,0.5,0.057858,0.018417,1.50000,0.000000,52,20.2
1782154420590,147.682,1,3.500,2.750,3,5,6.0,0.5,-0.171964,-0.054738,-1.50000,0.000000,53,20.1
1782154450837,177.929,1,2.750,3.500,3,5,6.0,0.5,0.075865,0.024148,1.50000,0.000000,52,20.2
1782154513366,240.458,1,2.750,3.500,3,5,6.0,0.5,-0.038143,-0.012141,1.50000,0.000000,52,18.9
1782154543632,270.724,1,3.500,2.750,3,5,6.0,0.5,-0.107092,-0.034088,-1.50000,0.000000,51,19.9
1782154573854,300.946,1,2.750,3.500,3,5,6.0,0.5,0.059008,0.018783,1.50000,0.000000,51,18.5
1782154604128,331.220,1,3.500,2.750,3,5,6.0,0.5,-0.157492,-0.050131,-1.50000,0.000000,51,19.0
1782154634313,361.405,1,2.750,3.500,3,5,6.0,0.5,0.103612,0.032981,1.50000,0.000000,51,20.0
1782154664602,391.694,1,3.500,2.750,3,5,6.0,0.5,-0.158535,-0.050463,-1.50000,0.000000,51,20.0
1782154694957,422.049,1,2.750,3.500,3,5,6.0,0.5,0.100166,0.031884,1.50000,0.000000,51,20.1
1782154725245,452.337,1,3.500,2.750,3,5,6.0,0.5,-0.013530,-0.004307,-1.50000,0.000000,53,20.0
1782154755504,482.596,1,2.750,3.500,3,5,6.0,0.5,0.086249,0.027454,1.50000,0.000000,51,20.1
1782154785777,512.869,1,3.500,2.750,3,5,6.0,0.5,-0.195348,-0.062181,-1.50000,0.000000,51,19.7
1782154815045,542.137,1,2.000,3.500,3,5,6.0,0.5,-2.848634,-0.906748,3.00000,0.000000,63,20.0
1782154845280,572.372,1,3.500,2.000,3,5,6.0,0.5,0.524940,0.167094,-3.00000,0.000000,63,20.1
1782154875552,602.644,1,2.000,3.500,3,5,6.0,0.5,-0.486849,-0.154969,3.00000,0.000000,63,19.3
1782154905747,632.839,1,3.500,2.000,3,5,6.0,0.5,0.574727,0.182941,-3.00000,0.000000,63,19.5
1782154935972,663.064,1,2.000,3.500,3,5,6.0,0.5,-2.921749,-0.930022,3.00000,0.000000,63,19.3
1782154966278,693.370,1,3.500,2.000,3,5,6.0,0.5,0.487247,0.155096,-3.00000,0.000000,63,19.3
1782154996627,723.719,1,2.000,3.500,3,5,6.0,0.5,-0.582136,-0.185300,3.00000,0.000000,62,19.1
1782155026931,754.023,1,3.500,2.000,3,5,6.0,0.5,0.499198,0.158900,-3.00000,0.000000,61,19.2
1782155057357,784.449,1,2.000,3.500,3,5,6.0,0.5,-0.504742,-0.160664,3.00000,0.000000,61,7.9
1782155088079,815.171,1,3.500,2.000,3,5,6.0,0.5,0.633043,0.201504,-3.00000,0.000000,55,8.3
1782155118094,845.186,1,2.000,4.000,3,5,6.0,0.5,-0.506331,-0.161170,4.00000,0.000000,57,8.0
1782155148834,875.926,1,4.000,2.000,3,5,6.0,0.5,0.717242,0.228305,-4.00000,0.000000,56,7.6
1782155179395,906.487,1,2.000,4.000,3,5,6.0,0.5,0.829472,0.264029,4.00000,0.000000,61,19.5
1782155209705,936.797,1,4.000,2.000,3,5,6.0,0.5,0.409602,0.130380,-4.00000,0.000000,67,19.4
1782155239953,967.045,1,2.000,4.000,3,5,6.0,0.5,-0.367909,-0.117109,4.00000,0.000000,65,18.3
1782155270192,997.284,1,4.000,2.000,3,5,6.0,0.5,0.489341,0.155762,-4.00000,0.000000,65,19.4
1782155300547,1027.639,1,2.000,4.000,3,5,6.0,0.5,-0.417195,-0.132797,4.00000,0.000000,72,18.8
1782155330895,1057.987,1,4.000,2.000,3,5,6.0,0.5,1.039795,0.330977,-4.00000,0.000000,68,19.1
1782155361200,1088.292,1,2.000,4.000,3,5,6.0,0.5,-0.444349,-0.141441,4.00000,0.000000,68,18.4
1782155391505,1118.597,1,4.000,2.000,3,5,6.0,0.5,0.460617,0.146619,-4.00000,0.000000,71,18.9
1782155584161,1311.253,1,1.000,4.500,1,7,30.0,0.5,-0.346170,-0.110189,21.00000,0.000000,205,19.0
1782155710560,1437.652,1,4.500,1.000,1,7,30.0,0.5,0.646351,0.205740,-21.00000,0.000000,202,19.1
1782155836867,1563.959,1,1.000,4.500,1,7,30.0,0.5,-0.407900,-0.129838,21.00000,0.000000,204,18.9
1782155963190,1690.282,1,4.500,1.000,1,7,30.0,0.5,0.456628,0.145349,-21.00000,0.000000,204,19.1
1782156089462,1816.554,1,1.000,4.500,1,7,30.0,0.5,-0.449586,-0.143108,21.00000,0.000000,204,19.2
1782156215761,1942.853,1,4.500,1.000,1,7,30.0,0.5,0.545447,0.173621,-21.00000,0.000000,204,19.1
1782156342087,2069.179,1,1.000,4.500,1,7,30.0,0.5,-0.394175,-0.125470,21.00000,0.000000,203,19.1
1782156468413,2195.505,1,4.500,1.000,1,7,30.0,0.5,0.443466,0.141160,-21.00000,0.000000,204,18.9
1782156594715,2321.807,1,1.000,4.500,1,7,30.0,0.5,-0.405407,-0.129045,21.00000,0.000000,205,19.1
1782156721016,2448.108,1,4.500,1.000,1,7,30.0,0.5,0.368345,0.117248,-21.00000,0.000000,205,19.2
1782156847247,2574.339,1,1.000,4.500,1,7,30.0,0.5,-0.485074,-0.154404,21.00000,0.000000,203,19.0
1782156973542,2700.634,1,4.500,1.000,1,7,30.0,0.5,0.478294,0.152246,-21.00000,0.000000,204,19.2
1782157099814,2826.906,1,1.000,4.500,1,7,30.0,0.5,-0.480676,-0.153004,20.99999,0.000000,204,19.0
1782157226159,2953.251,1,4.500,1.000,1,7,30.0,0.5,0.469926,0.149582,-21.00000,0.000000,203,19.1
1782157352442,3079.534,1,1.000,4.500,1,7,30.0,0.5,-0.405562,-0.129095,21.00000,0.000000,204,19.3
1782157478786,3205.878,1,4.500,1.000,1,7,30.0,0.5,0.430648,0.137080,-21.00000,0.000000,204,19.3
1782253534486,221.899,1,1.000,4.500,1,7,20.0,4.0,-0.365477,-0.116335,20.99999,0.000000,177,19.8
1782253634812,322.225,1,4.500,1.000,1,7,20.0,4.0,0.435196,0.138527,-21.00000,0.000000,176,19.8
1782253735188,422.601,1,1.000,4.500,1,7,20.0,4.0,-0.393346,-0.125206,20.99999,0.000000,176,19.6
1782253835538,522.951,1,4.500,1.000,1,7,20.0,4.0,0.555901,0.176949,-21.00000,0.000000,175,19.7
1782253935845,623.258,1,1.000,4.500,1,7,20.0,4.0,-0.382411,-0.121725,21.00000,0.000000,176,19.6
1782254036088,723.501,1,4.500,1.000,1,7,20.0,4.0,0.531184,0.169081,-21.00000,0.000000,177,19.7
1782254136348,823.761,1,1.000,4.500,1,7,20.0,4.0,-0.418881,-0.133334,21.00000,0.000000,176,19.7
1782254236610,924.023,1,4.500,1.000,1,7,20.0,4.0,0.425763,0.135525,-21.00000,0.000000,176,19.8
1782254336860,1024.273,1,1.000,4.500,1,7,20.0,4.0,-0.369624,-0.117655,21.00000,0.000000,176,19.7
1782254437142,1124.555,1,4.500,1.000,1,7,20.0,4.0,0.371944,0.118394,-21.00000,0.000000,176,19.7
1782254537494,1224.907,1,1.000,4.500,1,7,20.0,4.0,-0.321227,-0.102250,21.00000,0.000000,176,19.8
1782254637852,1325.265,1,4.500,1.000,1,7,20.0,4.0,0.478451,0.152296,-21.00000,0.000000,177,19.7
1782254738153,1425.566,1,1.000,4.500,1,7,20.0,4.0,-0.440838,-0.140323,21.00001,0.000000,177,19.0
1782254838448,1525.861,1,4.500,1.000,1,7,20.0,4.0,0.415673,0.132313,-21.00000,0.000000,176,19.0
1782254938736,1626.149,1,1.000,4.500,1,7,20.0,4.0,-0.378696,-0.120543,21.00000,0.000000,174,19.0
1782255039020,1726.433,1,4.500,1.000,1,7,20.0,4.0,0.446642,0.142171,-21.00000,0.000000,172,19.1
1782424018671,527.344,1,2.000,3.500,3,5,20.0,4.0,-1.284510,-0.408872,3.00000,0.000000,91,19.6
1782424122020,630.693,1,3.500,2.000,3,5,20.0,4.0,0.761175,0.242290,-3.00000,0.000000,91,19.7
1782427635446,146.991,1,2.000,3.500,3,5,20.0,4.0,-0.713235,-0.227030,3.00000,0.000000,91,19.6
1782427762188,273.733,1,2.000,3.500,3,5,20.0,4.0,-0.595628,-0.189594,3.00000,0.000000,92,19.4
1782427862582,374.127,1,3.500,2.000,3,5,20.0,4.0,0.784224,0.249626,-3.00000,0.000000,93,19.2
1782427963002,474.547,1,2.000,3.500,3,5,20.0,4.0,-0.700957,-0.223121,3.00000,0.000000,93,18.5
1782428063431,574.976,1,3.500,2.000,3,5,20.0,4.0,1.462325,0.465472,-3.00000,0.000000,91,19.1
1782428163771,675.316,1,2.000,3.500,3,5,20.0,4.0,-0.666300,-0.212090,3.00000,0.000000,93,19.1
1782428264158,775.703,1,3.500,2.000,3,5,20.0,4.0,0.635118,0.202164,-3.00000,0.000000,93,19.1
1782428364470,876.015,1,2.000,3.500,3,5,20.0,4.0,-0.808649,-0.257401,3.00000,0.000000,93,19.3
1782428464798,976.343,1,3.500,2.000,3,5,20.0,4.0,0.794137,0.252782,-3.00000,0.000000,93,20.5
1782428565056,1076.601,1,2.000,3.500,3,5,20.0,4.0,-0.492338,-0.156716,3.00000,0.000000,93,20.8
1782428665248,1176.793,1,3.500,2.000,3,5,20.0,4.0,1.150827,0.366320,-3.00000,0.000000,92,19.2
1782428765532,1277.077,1,2.000,3.500,3,5,20.0,4.0,-1.144768,-0.364391,3.00000,0.000000,93,19.1
1782428865829,1377.374,1,3.500,2.000,3,5,20.0,4.0,0.726993,0.231409,-3.00000,0.000000,93,19.1
1782429076544,1588.089,1,2.750,3.500,3,5,6.0,0.5,0.047697,0.015182,1.50000,0.000000,51,19.0
1782429106825,1618.370,1,3.500,2.750,3,5,6.0,0.5,-0.098091,-0.031223,-1.50000,0.000000,51,19.0
1782429137170,1648.715,1,2.750,3.500,3,5,6.0,0.5,0.050717,0.016144,1.50000,0.000000,50,18.9
1782429167456,1679.001,1,3.500,2.750,3,5,6.0,0.5,-0.182875,-0.058211,-1.50000,0.000000,51,19.2
1782429197745,1709.290,1,2.750,3.500,3,5,6.0,0.5,0.069433,0.022101,1.50000,0.000000,51,19.2
1782429228112,1739.658,1,3.500,2.750,3,5,6.0,0.5,-0.270067,-0.085965,-1.50000,0.000000,51,19.1
1782429258448,1769.993,1,2.750,3.500,3,5,6.0,0.5,0.090618,0.028845,1.50000,0.000000,51,19.0
1782429288728,1800.273,1,3.500,2.750,3,5,6.0,0.5,-0.199999,-0.063662,-1.50000,0.000000,51,19.2
1782429319034,1830.579,1,2.750,3.500,3,5,6.0,0.5,0.027019,0.008601,1.50000,0.000000,51,19.1
1782429349316,1860.861,1,3.500,2.750,3,5,6.0,0.5,-0.136770,-0.043535,-1.50000,0.000000,51,19.1
1782429378691,1890.236,1,2.000,3.500,3,5,6.0,0.5,-0.819768,-0.260940,3.00000,0.000000,65,19.0
1782429408993,1920.538,1,3.500,2.000,3,5,6.0,0.5,0.533226,0.169731,-3.00000,0.000000,61,19.0
1782429439274,1950.819,1,2.000,3.500,3,5,6.0,0.5,-1.126392,-0.358542,3.00000,0.000000,63,19.0
1782429469651,1981.196,1,3.500,2.000,3,5,6.0,0.5,0.944375,0.300604,-3.00000,0.000000,62,19.0
1782429499965,2011.510,1,2.000,3.500,3,5,6.0,0.5,-0.539914,-0.171860,3.00000,0.000000,64,19.1
1782429530276,2041.821,1,3.500,2.000,3,5,6.0,0.5,0.690231,0.219707,-3.00000,0.000000,65,18.5
1782429560594,2072.139,1,2.000,3.500,3,5,6.0,0.5,-0.829086,-0.263906,3.00000,0.000000,68,18.7
1782429590945,2102.490,1,3.500,2.000,3,5,6.0,0.5,1.263770,0.402270,-3.00000,0.000000,66,18.7
1782429621268,2132.813,1,2.000,3.500,3,5,6.0,0.5,-1.251594,-0.398395,3.00000,0.000000,68,18.7
1782429651539,2163.084,1,3.500,2.000,3,5,6.0,0.5,0.717564,0.228408,-3.00000,0.000000,69,19.0
1782429680895,2192.440,1,2.000,4.000,3,5,6.0,0.5,-0.557909,-0.177588,4.00000,0.000000,68,18.9
1782429711195,2222.740,1,4.000,2.000,3,5,6.0,0.5,0.942535,0.300018,-4.00000,0.000000,71,18.1
1782429741538,2253.083,1,2.000,4.000,3,5,6.0,0.5,-0.731094,-0.232714,4.00000,0.051797,73,18.2
1782429771931,2283.476,1,4.000,2.000,3,5,6.0,0.5,1.232882,0.392439,-4.00000,0.077992,74,18.6
1782429802273,2313.818,1,2.000,4.000,3,5,6.0,0.5,-0.882609,-0.280943,4.00000,0.011273,72,18.4
1782429832630,2344.175,1,4.000,2.000,3,5,6.0,0.5,0.846877,0.269569,-4.00000,0.000000,75,18.4
1782429863027,2374.572,1,2.000,4.000,3,5,6.0,0.5,-0.780409,-0.248412,4.00000,0.000000,74,18.9
1782429893352,2404.897,1,4.000,2.000,3,5,6.0,0.5,0.883742,0.281304,-4.00000,0.000000,71,18.3
1782429923648,2435.193,1,2.000,4.000,3,5,6.0,0.5,-0.758693,-0.241500,4.00000,0.000000,73,18.6
1782429954155,2465.700,1,4.000,2.000,3,5,6.0,0.5,0.760535,0.242086,-4.00000,0.000000,71,11.5
1782510728399,352.911,1,2.000,3.500,3,5,20.0,4.0,-0.664400,-0.211485,3.00000,0.000000,93,18.9
1782510949993,574.505,1,2.000,3.500,3,5,20.0,4.0,-1.153790,-0.367263,3.00000,0.256519,93,18.4
1782511050399,674.911,1,3.500,2.000,3,5,20.0,4.0,0.488936,0.155633,-3.00000,0.100751,93,18.2
1782511150865,775.377,1,2.000,3.500,3,5,20.0,4.0,-1.243674,-0.395874,3.00000,0.256519,93,18.0
1782511251217,875.729,1,3.500,2.000,3,5,20.0,4.0,0.698071,0.222203,-3.00000,0.100751,93,18.4
1782511351497,976.009,1,2.000,3.500,3,5,20.0,4.0,-0.853919,-0.271811,3.00000,0.000000,93,17.7
1782511451786,1076.298,1,3.500,2.000,3,5,20.0,4.0,1.299453,0.413629,-3.00000,0.000000,92,17.7
1782511552115,1176.627,1,2.000,3.500,3,5,20.0,4.0,-1.032334,-0.328602,3.00000,0.000000,93,18.4
1782511652940,1277.452,1,3.500,2.000,3,5,20.0,4.0,0.810225,0.257903,-3.00000,0.000000,93,18.4
1782511753246,1377.758,1,2.000,3.500,3,5,20.0,4.0,-1.565396,-0.498281,3.00000,0.000000,93,18.0
1782511853484,1477.996,1,3.500,2.000,3,5,20.0,4.0,1.078568,0.343319,-3.00000,0.000000,93,18.0
1782511953769,1578.281,1,2.000,3.500,3,5,20.0,4.0,-0.516193,-0.164309,3.00000,0.000000,93,18.0
1782512054070,1678.582,1,3.500,2.000,3,5,20.0,4.0,0.644103,0.205024,-3.00000,0.000000,93,18.0
1782512540166,261.318,1,1.000,4.500,1,5,16.0,4.0,-0.620836,-0.197618,14.00000,0.000000,147,19.4
1782512620523,341.675,1,4.500,1.000,1,5,16.0,4.0,0.561757,0.178813,-14.00000,0.000000,146,19.5
1782512704751,425.903,1,1.000,4.500,1,5,16.0,4.0,-0.585362,-0.186326,14.00000,0.000000,153,19.2
1782512789099,510.251,1,4.500,1.000,1,5,16.0,4.0,0.582389,0.185380,-14.00000,0.000000,147,19.2
1782512873284,594.436,1,1.000,4.500,1,5,16.0,4.0,-0.572244,-0.182151,14.00000,0.000000,146,19.2
1782512957536,678.688,1,4.500,1.000,1,5,16.0,4.0,0.509533,0.162189,-14.00000,0.000000,145,19.2
1782513041858,763.010,1,1.000,4.500,1,5,16.0,4.0,-0.512566,-0.163155,14.00000,0.000000,145,19.2
1782513126172,847.324,1,4.500,1.000,1,5,16.0,4.0,0.585169,0.186265,-14.00000,0.000000,147,19.2
1782513210443,931.595,1,1.000,4.500,1,5,16.0,4.0,-0.524581,-0.166979,14.00000,0.000000,146,19.2
1782513294748,1015.900,1,4.500,1.000,1,5,16.0,4.0,0.551532,0.175558,-14.00000,0.000000,146,19.1
1782513378979,1100.131,1,1.000,4.500,1,5,16.0,4.0,-0.574110,-0.182745,14.00000,0.000000,145,19.2
1782513463284,1184.436,1,4.500,1.000,1,5,16.0,4.0,0.628018,0.199904,-14.00000,0.000000,148,18.9
1782513547514,1268.666,1,1.000,4.500,1,5,16.0,4.0,-0.550174,-0.175126,14.00000,0.000000,145,19.2
1782513631821,1352.973,1,4.500,1.000,1,5,16.0,4.0,0.580126,0.184660,-14.00000,0.000000,146,19.0
1782513716074,1437.226,1,1.000,4.500,1,5,16.0,4.0,-0.580606,-0.184813,14.00000,0.000000,147,19.2
1782513800368,1521.520,1,4.500,1.000,1,5,16.0,4.0,0.718144,0.228592,-14.00000,0.000000,149,18.9
1782513921152,1642.304,1,2.750,3.500,3,5,6.0,0.5,0.051157,0.016284,1.50000,0.000000,51,19.1
1782513947420,1668.572,1,3.500,2.750,3,5,6.0,0.5,-0.109558,-0.034873,-1.50000,0.000000,51,19.2
1782513977713,1698.865,1,2.750,3.500,3,5,6.0,0.5,-0.029625,-0.009430,1.50000,0.000000,51,19.4
1782514007918,1729.070,1,3.500,2.750,3,5,6.0,0.5,-0.105817,-0.033683,-1.50000,0.000000,51,19.4
1782514038145,1759.297,1,2.750,3.500,3,5,6.0,0.5,0.051363,0.016349,1.50000,0.000000,51,19.5
1782514068377,1789.529,1,3.500,2.750,3,5,6.0,0.5,-0.160720,-0.051159,-1.50000,0.000000,51,19.4
1782514098579,1819.731,1,2.750,3.500,3,5,6.0,0.5,-0.027157,-0.008644,1.50000,0.000000,51,19.4
1782514128762,1849.914,1,3.500,2.750,3,5,6.0,0.5,-0.293083,-0.093291,-1.50000,0.000000,51,19.5
1782514158945,1880.097,1,2.750,3.500,3,5,6.0,0.5,0.075853,0.024145,1.50000,0.000000,51,19.5
1782514189195,1910.347,1,3.500,2.750,3,5,6.0,0.5,-0.177589,-0.056528,-1.50000,0.000000,51,19.5
1782514218529,1939.681,1,2.000,3.500,3,5,6.0,0.5,-0.750062,-0.238752,3.00000,0.000000,63,19.4
1782514248740,1969.892,1,3.500,2.000,3,5,6.0,0.5,0.799732,0.254563,-3.00000,0.000000,63,19.4
1782514279015,2000.167,1,2.000,3.500,3,5,6.0,0.5,-0.775966,-0.246998,3.00000,0.000000,66,11.9
1782514309457,2030.609,1,3.500,2.000,3,5,6.0,0.5,1.130459,0.359836,-3.00000,0.000000,69,11.9
1782514339875,2061.027,1,2.000,3.500,3,5,6.0,0.5,-0.749268,-0.238500,3.00000,0.000000,69,11.9
1782514370236,2091.388,1,3.500,2.000,3,5,6.0,0.5,0.631363,0.200969,-3.00000,0.000000,69,11.9
1782514400594,2121.746,1,2.000,3.500,3,5,6.0,0.5,-0.792254,-0.252182,3.00000,0.000000,69,11.9
1782514430943,2152.095,1,3.500,2.000,3,5,6.0,0.5,0.619193,0.197095,-3.00000,0.000000,69,11.9
1782514461321,2182.473,1,2.000,3.500,3,5,6.0,0.5,-0.720145,-0.229229,3.00000,0.000000,69,11.9
1782514491717,2212.869,1,3.500,2.000,3,5,6.0,0.5,0.600021,0.190993,-3.00000,0.000000,69,11.9
1782514521226,2242.378,1,2.000,4.000,3,5,6.0,0.5,-0.825619,-0.262803,4.00000,0.000000,73,11.8
1782514551644,2272.796,1,4.000,2.000,3,5,6.0,0.5,0.547551,0.174291,-4.00000,0.000000,73,11.9
1782514582024,2303.176,1,2.000,4.000,3,5,6.0,0.5,-1.166565,-0.371329,4.00000,0.000000,73,11.9
1782514612391,2333.543,1,4.000,2.000,3,5,6.0,0.5,0.554120,0.176382,-4.00000,0.000000,73,11.9
1782514642775,2363.927,1,2.000,4.000,3,5,6.0,0.5,-1.359514,-0.432747,4.00000,0.000000,73,11.9
1782514673131,2394.283,1,4.000,2.000,3,5,6.0,0.5,0.771486,0.245572,-4.00000,0.000000,73,11.9
1782514703495,2424.647,1,2.000,4.000,3,5,6.0,0.5,-0.668729,-0.212863,4.00000,0.000000,73,11.9
1782514733777,2454.929,1,4.000,2.000,3,5,6.0,0.5,1.152070,0.366715,-4.00000,0.000000,73,11.9
1782514764195,2485.347,1,2.000,4.000,3,5,6.0,0.5,-1.342213,-0.427240,4.00000,0.000000,73,11.8
1782514794570,2515.722,1,4.000,2.000,3,5,6.0,0.5,0.742318,0.236287,-4.00000,0.000000,73,11.9
1782516571241,246.809,1,3.000,4.000,2,7,25.0,5.0,0.234805,0.074741,5.00000,0.000000,73,19.6
1782516695495,371.063,1,4.000,3.000,2,7,25.0,5.0,-0.426242,-0.135677,-5.00000,0.000000,73,19.7
1782516819791,495.359,1,3.000,4.000,2,7,25.0,5.0,0.080978,0.025776,5.00000,0.000000,73,18.7
1782516944103,619.671,1,4.000,3.000,2,7,25.0,5.0,-0.209585,-0.066713,-5.00000,0.000000,73,18.5
1782517068471,744.039,1,3.000,4.000,2,7,25.0,5.0,0.118373,0.037679,5.00000,0.000000,73,18.5
1782517192794,868.362,1,4.000,3.000,2,7,25.0,5.0,-0.387306,-0.123283,-5.00000,0.000000,73,18.5
1782517313118,988.686,1,3.000,4.000,2,7,25.0,5.0,0.105467,0.033571,5.00000,0.000000,73,18.5
1782517437471,1113.039,1,4.000,3.000,2,7,25.0,5.0,-0.275842,-0.087803,-5.00000,0.000000,73,18.5
1782517561783,1237.351,1,3.000,4.000,2,7,25.0,5.0,0.117513,0.037406,5.00000,0.000000,73,18.4
1782517682134,1357.702,1,4.000,3.000,2,7,25.0,5.0,-0.207701,-0.066113,-5.00000,0.000000,73,18.8
1782517806346,1481.914,1,3.000,4.000,2,7,25.0,5.0,0.130016,0.041385,5.00000,0.000000,73,18.8
1782517930638,1606.206,1,4.000,3.000,2,7,25.0,5.0,-0.254005,-0.080852,-5.00000,0.000000,73,18.7
1782518131282,1806.850,1,2.750,3.500,3,5,6.0,0.5,-0.103264,-0.032870,1.50000,0.000000,29,18.9
1782518161588,1837.156,1,3.500,2.750,3,5,6.0,0.5,-0.154648,-0.049226,-1.50000,0.000000,51,18.6
1782518191889,1867.457,1,2.750,3.500,3,5,6.0,0.5,0.051218,0.016303,1.50000,0.000000,51,18.8
1782518222249,1897.817,1,3.500,2.750,3,5,6.0,0.5,-0.184876,-0.058848,-1.50000,0.000000,51,18.8
1782518252594,1928.162,1,2.750,3.500,3,5,6.0,0.5,0.049152,0.015646,1.50000,0.000000,50,18.5
1782518282994,1958.562,1,3.500,2.750,3,5,6.0,0.5,-0.246267,-0.078389,-1.50000,0.000000,50,18.6
1782518313323,1988.891,1,2.750,3.500,3,5,6.0,0.5,-0.035375,-0.011260,1.50000,0.000000,51,18.8
1782518343710,2019.278,1,3.500,2.750,3,5,6.0,0.5,-0.105019,-0.033429,-1.50000,0.000000,51,18.9
1782518374014,2049.582,1,2.750,3.500,3,5,6.0,0.5,0.038874,0.012374,1.50000,0.000000,51,18.9
1782518404315,2079.883,1,3.500,2.750,3,5,6.0,0.5,-0.231739,-0.073765,-1.50000,0.000000,51,18.7
1782518433729,2109.297,1,2.000,3.500,3,5,6.0,0.5,-1.329773,-0.423280,3.00000,0.000000,71,18.5
1782518464011,2139.579,1,3.500,2.000,3,5,6.0,0.5,1.339671,0.426430,-3.00000,0.000000,68,18.9
1782518494399,2169.967,1,2.000,3.500,3,5,6.0,0.5,-1.211450,-0.385616,3.00000,0.000000,68,18.8
1782518524734,2200.302,1,3.500,2.000,3,5,6.0,0.5,1.195543,0.380553,-3.00000,0.000000,69,18.7
1782518555085,2230.653,1,2.000,3.500,3,5,6.0,0.5,-1.077851,-0.343091,3.00000,0.000000,67,18.6
1782518585451,2261.019,1,3.500,2.000,3,5,6.0,0.5,0.865055,0.275355,-3.00000,0.000000,68,18.7
1782518615836,2291.404,1,2.000,3.500,3,5,6.0,0.5,-0.703527,-0.223940,3.00000,0.000000,67,18.7
1782518646193,2321.761,1,3.500,2.000,3,5,6.0,0.5,1.043534,0.332167,-3.00000,0.000000,66,18.8
1782518676514,2352.082,1,2.000,3.500,3,5,6.0,0.5,-1.354853,-0.431263,3.00000,0.000000,69,18.8
1782518706834,2382.402,1,3.500,2.000,3,5,6.0,0.5,1.221155,0.388706,-3.00000,0.000000,68,18.8
1782518736231,2411.799,1,2.000,4.000,3,5,6.0,0.5,-1.286956,-0.409651,4.00000,0.000000,73,18.8
1782518766631,2442.199,1,4.000,2.000,3,5,6.0,0.5,0.881152,0.280479,-4.00000,0.000000,74,18.7
1782518796991,2472.559,1,2.000,4.000,3,5,6.0,0.5,-1.033505,-0.328975,4.00000,0.000000,72,18.7
1782518827334,2502.902,1,4.000,2.000,3,5,6.0,0.5,0.118791,0.037812,-4.00000,0.000000,72,18.7
1782518857603,2533.171,1,2.000,4.000,3,5,6.0,0.5,-0.645451,-0.205454,4.00000,0.000000,73,18.7
1782518887868,2563.436,1,4.000,2.000,3,5,6.0,0.5,1.319642,0.420055,-4.00000,0.000000,73,18.7
1782518918252,2593.820,1,2.000,4.000,3,5,6.0,0.5,-1.330943,-0.423652,4.00000,0.000000,75,18.7
1782518948614,2624.182,1,4.000,2.000,3,5,6.0,0.5,0.857518,0.272957,-4.00000,0.000000,71,18.7
1782518978933,2654.501,1,2.000,4.000,3,5,6.0,0.5,-1.092146,-0.347641,4.00000,0.000000,72,18.6
1782519009294,2684.862,1,4.000,2.000,3,5,6.0,0.5,1.466151,0.466690,-4.00000,0.000000,66,18.7
1782564192426,337.434,1,1.500,4.500,2,6,28.0,4.0,-0.616166,-0.196132,12.00000,0.000000,169,18.7
1782564324744,469.752,1,4.500,1.500,2,6,28.0,4.0,0.710967,0.226308,-12.00000,0.000000,169,19.0
1782564457019,602.027,1,1.500,4.500,2,6,28.0,4.0,-0.601730,-0.191537,12.00000,0.000000,170,18.2
1782564589378,734.386,1,4.500,1.500,2,6,28.0,4.0,0.675922,0.215153,-12.00000,0.000000,172,20.6
1782564722096,867.105,1,1.500,4.500,2,6,28.0,4.0,-0.533502,-0.169819,12.00000,0.000000,173,19.5
1782564854446,999.454,1,4.500,1.500,2,6,28.0,4.0,0.744598,0.237013,-12.00000,0.000000,173,19.8
1782564986815,1131.823,1,1.500,4.500,2,6,28.0,4.0,-0.630468,-0.200684,12.00000,0.000000,173,19.1
1782565119092,1264.100,1,4.500,1.500,2,6,28.0,4.0,0.806445,0.256699,-12.00000,0.000000,172,19.5
1782565251428,1396.436,1,1.500,4.500,2,6,28.0,4.0,-0.678390,-0.215938,12.00000,0.000000,171,18.9
1782565383741,1528.749,1,4.500,1.500,2,6,28.0,4.0,0.702591,0.223642,-12.00000,0.000000,172,18.6
1782565516163,1661.171,1,1.500,4.500,2,6,28.0,4.0,-0.570048,-0.181452,12.00000,0.000000,169,18.4
1782565648462,1793.470,1,4.500,1.500,2,6,28.0,4.0,0.706071,0.224749,-12.00000,0.000000,172,18.3
1782566098612,2243.620,1,2.750,3.500,3,5,6.0,0.5,-0.014338,-0.004564,1.50000,0.000000,51,17.8
1782566124910,2269.918,1,3.500,2.750,3,5,6.0,0.5,-0.161958,-0.051553,-1.50000,0.000000,51,17.4
1782566155168,2300.176,1,2.750,3.500,3,5,6.0,0.5,0.043487,0.013842,1.50000,0.000000,50,17.6
1782566185428,2330.436,1,3.500,2.750,3,5,6.0,0.5,-0.136739,-0.043526,-1.50000,0.000000,51,17.9
1782566215684,2360.692,1,2.750,3.500,3,5,6.0,0.5,0.037798,0.012031,1.50000,0.000000,51,17.1
1782566245975,2390.983,1,3.500,2.750,3,5,6.0,0.5,-0.099529,-0.031681,-1.50000,0.000000,51,17.8
1782566276253,2421.261,1,2.750,3.500,3,5,6.0,0.5,0.152781,0.048632,1.50000,0.000000,51,17.5
1782566306513,2451.521,1,3.500,2.750,3,5,6.0,0.5,-0.159655,-0.050820,-1.50000,0.000000,51,17.9
1782566336758,2481.766,1,2.750,3.500,3,5,6.0,0.5,-0.011700,-0.003724,1.50000,0.000000,51,17.9
1782566366990,2511.998,1,3.500,2.750,3,5,6.0,0.5,-0.080928,-0.025760,-1.50000,0.000000,51,18.0
1782566396281,2541.289,1,2.000,3.500,3,5,6.0,0.5,-0.960852,-0.305849,3.00000,0.000000,71,17.6
1782566426535,2571.543,1,3.500,2.000,3,5,6.0,0.5,0.787739,0.250745,-3.00000,0.000000,70,17.8
1782566456792,2601.800,1,2.000,3.500,3,5,6.0,0.5,-0.759121,-0.241636,3.00000,0.000000,71,17.8
1782566486971,2631.979,1,3.500,2.000,3,5,6.0,0.5,0.852968,0.271508,-3.00000,0.000000,71,18.0
1782566517202,2662.210,1,2.000,3.500,3,5,6.0,0.5,-0.852083,-0.271226,3.00000,0.000000,70,17.9
1782568509354,157.794,1,2.750,3.500,3,5,6.0,0.5,-0.001112,-0.000354,1.50000,0.000000,51,19.0
1782568539656,188.097,1,3.500,2.750,3,5,6.0,0.5,-0.205440,-0.065394,-1.50000,0.000000,51,18.9
1782568569987,218.427,1,2.750,3.500,3,5,6.0,0.5,0.025128,0.007998,1.50000,0.000000,51,18.9
1782568600365,248.805,1,3.500,2.750,3,5,6.0,0.5,-0.136933,-0.043587,-1.50000,0.000000,51,18.9
1782568630717,279.157,1,2.750,3.500,3,5,6.0,0.5,0.023891,0.007605,1.50000,0.000000,51,18.8
1782568660966,309.406,1,3.500,2.750,3,5,6.0,0.5,-0.211809,-0.067421,-1.50000,0.000000,51,18.9
1782568691312,339.752,1,2.750,3.500,3,5,6.0,0.5,0.023497,0.007479,1.50000,0.000000,51,18.9
1782568721717,370.157,1,3.500,2.750,3,5,6.0,0.5,-0.129856,-0.041334,-1.50000,0.000000,51,19.0
1782568751986,400.426,1,2.750,3.500,3,5,6.0,0.5,0.029371,0.009349,1.50000,0.000000,51,18.9
1782568782274,430.714,1,3.500,2.750,3,5,6.0,0.5,-0.168841,-0.053744,-1.50000,0.000000,51,18.9
1782568811627,460.067,1,2.000,3.500,3,5,6.0,0.5,-0.889334,-0.283084,3.00000,0.000000,66,18.8
1782568841929,490.369,1,3.500,2.000,3,5,6.0,0.5,0.780912,0.248572,-3.00000,0.000000,66,18.8
1782568872222,520.662,1,2.000,3.500,3,5,6.0,0.5,-0.913866,-0.290893,3.00000,0.000000,65,18.6
1782568902547,550.987,1,3.500,2.000,3,5,6.0,0.5,1.037006,0.330089,-3.00000,0.000000,66,18.8
1782568932943,581.383,1,2.000,3.500,3,5,6.0,0.5,-0.870817,-0.277190,3.00000,0.000000,65,18.7
1782568963319,611.759,1,3.500,2.000,3,5,6.0,0.5,0.760103,0.241948,-3.00000,0.000000,66,18.5
1782568993587,642.027,1,2.000,3.500,3,5,6.0,0.5,-0.806093,-0.256587,3.00000,0.000000,71,18.2
1782569023959,672.399,1,3.500,2.000,3,5,6.0,0.5,0.922165,0.293534,-3.00000,0.000000,71,18.2
1782569054318,702.758,1,2.000,3.500,3,5,6.0,0.5,-0.925205,-0.294502,3.00000,0.000000,71,17.8
1782569084646,733.086,1,3.500,2.000,3,5,6.0,0.5,0.783414,0.249368,-3.00000,0.000000,71,18.3
1782569114040,762.480,1,2.000,4.000,3,5,6.0,0.5,-0.587801,-0.187103,4.00000,0.000000,75,18.0
1782569144262,792.702,1,4.000,2.000,3,5,6.0,0.5,0.780645,0.248487,-4.00000,0.000000,75,17.7
1782569174477,822.917,1,2.000,4.000,3,5,6.0,0.5,-0.872583,-0.277752,4.00000,0.000000,74,17.4
1782569204813,853.253,1,4.000,2.000,3,5,6.0,0.5,1.138284,0.362327,-4.00000,0.000000,73,17.6
1782569235084,883.524,1,2.000,4.000,3,5,6.0,0.5,-0.840984,-0.267693,4.00000,0.000000,72,16.8
1782569265373,913.813,1,4.000,2.000,3,5,6.0,0.5,1.111661,0.353853,-4.00000,0.000000,73,17.4
1782569295711,944.151,1,2.000,4.000,3,5,6.0,0.5,-0.946230,-0.301194,4.00000,0.000000,73,17.5
1782569326006,974.446,1,4.000,2.000,3,5,6.0,0.5,1.216608,0.387258,-4.00000,0.000000,73,17.4
1782569356240,1004.680,1,2.000,4.000,3,5,6.0,0.5,-0.744061,-0.236842,4.00000,0.000000,73,17.5
1782569386581,1035.021,1,4.000,2.000,3,5,6.0,0.5,1.082240,0.344488,-4.00000,0.000000,73,17.5
1782569743043,1391.483,1,2.000,4.000,3,5,6.0,0.5,-1.258955,-0.400738,4.00000,0.000000,72,17.4
1782569773295,1421.735,1,4.000,2.000,3,5,6.0,0.5,1.191178,0.379164,-4.00000,0.000000,72,17.5
1782569803519,1451.960,1,2.000,4.000,3,5,6.0,0.5,-0.841806,-0.267955,4.00000,0.000000,73,17.5
1782569833722,1482.162,1,4.000,2.000,3,5,6.0,0.5,0.778978,0.247956,-4.00000,0.000000,73,17.3
1782569863910,1512.350,1,2.000,4.000,3,5,6.0,0.5,-1.168215,-0.371854,4.00000,0.000000,73,17.5
1782569894150,1542.590,1,4.000,2.000,3,5,6.0,0.5,0.843330,0.268440,-4.00000,0.000000,72,17.5
1782569924360,1572.800,1,2.000,4.000,3,5,6.0,0.5,-0.908439,-0.289165,4.00000,0.000000,73,17.2
1782569954660,1603.100,1,4.000,2.000,3,5,6.0,0.5,0.674835,0.214807,-4.00000,0.000000,72,17.3
1782569984827,1633.267,1,2.000,4.000,3,5,6.0,0.5,-0.874462,-0.278350,4.00000,0.000000,74,17.8
1782570015107,1663.547,1,4.000,2.000,3,5,6.0,0.5,0.561190,0.178632,-4.00000,0.000000,73,17.8
1782570080089,1728.529,1,2.000,4.000,3,5,6.0,0.5,-0.872191,-0.277627,4.00000,0.000000,74,17.6
1782570124365,1772.805,1,4.000,2.000,3,5,6.0,0.5,0.598649,0.190556,-4.00000,0.000000,72,11.4
1782570193257,1841.697,1,2.000,4.000,3,5,6.0,0.5,-1.011899,-0.322097,4.00000,0.000000,75,18.1
1782570238213,1886.653,1,1.000,4.500,1,7,6.0,0.5,-0.416843,-0.132685,20.99999,0.000000,87,18.6
1782570270366,1918.806,1,4.500,1.000,1,7,6.0,0.5,0.369623,0.117655,-21.00000,0.000000,88,18.2
1782570323202,1971.642,1,1.000,4.500,1,7,6.0,0.5,-0.410033,-0.130517,21.00000,0.000000,86,17.8
1782570349581,1998.021,1,4.500,1.000,1,7,6.0,0.5,0.369160,0.117507,-21.00000,0.000000,87,18.1
1782570379720,2028.160,1,1.000,4.500,1,7,6.0,0.5,-0.338923,-0.107883,21.00000,0.000000,87,18.0
1782570409921,2058.361,1,4.500,1.000,1,7,6.0,0.5,0.427756,0.136159,-21.00000,0.000000,87,17.9
1782570440185,2088.625,1,1.000,4.500,1,7,6.0,0.5,-0.473274,-0.150648,21.00000,0.000000,87,18.0
1782570470368,2118.808,1,4.500,1.000,1,7,6.0,0.5,0.388796,0.123758,-21.00000,0.000000,87,17.9
1782570500576,2149.016,1,1.000,4.500,1,7,6.0,0.5,-0.125816,-0.040048,21.00000,0.000000,87,17.8
1782570530747,2179.187,1,4.500,1.000,1,7,6.0,0.5,0.343404,0.109309,-21.00000,0.000000,87,18.0
1782570560931,2209.371,1,1.000,4.500,1,7,6.0,0.5,-0.420858,-0.133963,21.00000,0.000000,87,17.8
1782570591162,2239.602,1,4.500,1.000,1,7,6.0,0.5,0.374625,0.119247,-21.00000,0.000000,85,17.4
1782570724765,2373.205,1,1.000,4.500,1,7,6.0,0.5,-0.363680,-0.115763,21.00000,0.000000,88,18.7
1782570832184,2480.624,1,4.500,1.000,1,7,6.0,0.5,0.441118,0.140412,-21.00000,0.000000,78,18.7
1782571128209,2776.649,1,2.750,3.500,3,5,6.0,0.5,0.038585,0.012282,1.50000,0.000000,51,18.8
1782571158520,2806.960,1,3.500,2.750,3,5,6.0,0.5,-0.157645,-0.050180,-1.50000,0.000000,51,18.9
1782571188813,2837.253,1,2.750,3.500,3,5,6.0,0.5,0.071390,0.022724,1.50000,0.000000,51,18.8
1782571219120,2867.560,1,3.500,2.750,3,5,6.0,0.5,-0.277172,-0.088227,-1.50000,0.000000,51,18.9
1782571249406,2897.846,1,2.750,3.500,3,5,6.0,0.5,-0.003741,-0.001191,1.50000,0.000000,51,18.9
1782571279728,2928.168,1,3.500,2.750,3,5,6.0,0.5,-0.036736,-0.011693,-1.50000,0.000000,51,18.9
1782571310080,2958.520,1,2.750,3.500,3,5,6.0,0.5,-0.045432,-0.014461,1.50000,0.000000,51,18.9
1782571340430,2988.870,1,3.500,2.750,3,5,6.0,0.5,-0.063412,-0.020185,-1.50000,0.000000,51,18.3
1782571370730,3019.170,1,2.750,3.500,3,5,6.0,0.5,-0.008176,-0.002603,1.50000,0.000000,51,18.1
1782571401086,3049.526,1,3.500,2.750,3,5,6.0,0.5,-0.124362,-0.039586,-1.50000,0.000000,51,18.4
1782571430539,3078.980,1,2.000,3.500,3,5,6.0,0.5,-0.699865,-0.222774,3.00000,0.000000,71,18.3
1782571460958,3109.398,1,3.500,2.000,3,5,6.0,0.5,0.555221,0.176732,-3.00000,0.000000,71,18.3
1782571491321,3139.761,1,2.000,3.500,3,5,6.0,0.5,-0.572423,-0.182208,3.00000,0.000000,71,18.3
1782571521730,3170.170,1,3.500,2.000,3,5,6.0,0.5,0.685261,0.218125,-3.00000,0.000000,71,18.1
1782571552111,3200.551,1,2.000,3.500,3,5,6.0,0.5,-0.680527,-0.216618,3.00000,0.000000,71,18.1
1782571582487,3230.927,1,3.500,2.000,3,5,6.0,0.5,0.901498,0.286956,-3.00000,0.000000,71,18.2
1782571612993,3261.433,1,2.000,3.500,3,5,6.0,0.5,-0.476512,-0.151678,3.00000,0.000000,71,18.3
1782571643380,3291.820,1,3.500,2.000,3,5,6.0,0.5,0.853619,0.271715,-3.00000,0.000000,71,18.1
1782571673737,3322.177,1,2.000,3.500,3,5,6.0,0.5,-1.223721,-0.389523,3.00000,0.000000,71,18.3
1782571704165,3352.605,1,3.500,2.000,3,5,6.0,0.5,0.692319,0.220372,-3.00000,0.000000,71,18.3
1782571733629,3382.069,1,2.000,4.000,3,5,6.0,0.5,-0.913810,-0.290875,4.00000,0.000000,75,18.3
1782571763933,3412.373,1,4.000,2.000,3,5,6.0,0.5,0.650119,0.206939,-4.00000,0.000000,75,18.3
1782571794286,3442.726,1,2.000,4.000,3,5,6.0,0.5,-0.708364,-0.225479,4.00000,0.000000,75,18.2
1782571824647,3473.087,1,4.000,2.000,3,5,6.0,0.5,1.517708,0.483102,-4.00000,0.000000,75,18.1
1782571855026,3503.466,1,2.000,4.000,3,5,6.0,0.5,-0.727872,-0.231689,4.00000,0.000000,75,18.2
1782571885385,3533.825,1,4.000,2.000,3,5,6.0,0.5,1.352672,0.430569,-4.00000,0.000000,75,18.4
1782571915714,3564.154,1,2.000,4.000,3,5,6.0,0.5,-0.508036,-0.161713,4.00000,0.000000,75,18.3
1782571946137,3594.577,1,4.000,2.000,3,5,6.0,0.5,1.197811,0.381275,-4.00000,0.000000,75,18.2
1782571976469,3624.909,1,2.000,4.000,3,5,6.0,0.5,-0.551978,-0.175700,4.00000,0.000000,75,18.4
1782572006931,3655.371,1,4.000,2.000,3,5,6.0,0.5,1.599443,0.509118,-4.00000,0.000000,75,18.3
1782572513736,4162.176,1,2.000,4.000,3,5,6.0,0.5,-1.982243,-0.630968,4.00000,0.000000,72,17.0
1782572553225,4201.665,1,4.000,2.000,3,5,6.0,0.5,1.825523,0.581082,-4.00000,0.000000,73,17.3
1782572777207,4425.647,1,2.000,4.000,3,5,6.0,0.5,-0.656082,-0.208838,4.00000,0.000000,73,17.6
1782572807468,4455.908,1,4.000,2.000,3,5,6.0,0.5,0.926784,0.295005,-4.00000,0.000000,73,17.6
1782572837774,4486.214,1,2.000,4.000,3,5,6.0,0.5,-0.638890,-0.203365,4.00000,0.000000,73,17.3
1782572868051,4516.491,1,4.000,2.000,3,5,6.0,0.5,-0.359140,-0.114318,-4.00000,0.000000,72,17.2
1782572898301,4546.741,1,2.000,4.000,3,5,6.0,0.5,-0.465773,-0.148260,4.00000,0.000000,73,17.6
1782572928575,4577.015,1,4.000,2.000,3,5,6.0,0.5,0.586140,0.186574,-4.00000,0.000000,73,17.7
1782572958748,4607.188,1,2.000,4.000,3,5,6.0,0.5,-0.533520,-0.169825,4.00000,0.000000,73,17.6
1782572988976,4637.416,1,4.000,2.000,3,5,6.0,0.5,0.483614,0.153939,-4.00000,0.000000,73,17.9
1782573019191,4667.632,1,2.000,4.000,3,5,6.0,0.5,-0.596735,-0.189947,4.00000,0.000000,73,17.6
1782573049464,4697.904,1,4.000,2.000,3,5,6.0,0.5,0.478876,0.152431,-4.00000,0.000000,73,17.6
1782573101813,4750.253,1,2.750,3.500,3,5,6.0,0.5,-0.009202,-0.002929,1.50000,0.000000,51,17.7
1782573128068,4776.508,1,3.500,2.750,3,5,6.0,0.5,-0.231510,-0.073692,-1.50000,0.000000,51,17.6
1782573158335,4806.775,1,2.750,3.500,3,5,6.0,0.5,0.034004,0.010824,1.50000,0.000000,49,17.5
1782573188588,4837.028,1,3.500,2.750,3,5,6.0,0.5,-0.307851,-0.097992,-1.50000,0.000000,51,17.7
1782573218774,4867.214,1,2.750,3.500,3,5,6.0,0.5,0.065570,0.020872,1.50000,0.000000,51,17.6
1782573248990,4897.430,1,3.500,2.750,3,5,6.0,0.5,-0.326080,-0.103795,-1.50000,0.000000,50,17.7
1782573279135,4927.575,1,2.750,3.500,3,5,6.0,0.5,0.029727,0.009462,1.50000,0.000000,51,17.7
1782573309356,4957.796,1,3.500,2.750,3,5,6.0,0.5,-0.286536,-0.091207,-1.50000,0.000000,51,17.8
1782573339647,4988.087,1,2.750,3.500,3,5,6.0,0.5,0.082867,0.026378,1.50000,0.000000,51,17.7
1782573369890,5018.330,1,3.500,2.750,3,5,6.0,0.5,-0.162709,-0.051792,-1.50000,0.000000,51,17.8
1782573399173,5047.613,1,2.000,3.500,3,5,6.0,0.5,-0.883292,-0.281160,3.00000,0.000000,69,17.6
1782573429347,5077.787,1,3.500,2.000,3,5,6.0,0.5,0.472110,0.150277,-3.00000,0.000000,69,17.7
1782573459583,5108.023,1,2.000,3.500,3,5,6.0,0.5,-0.683123,-0.217445,3.00000,0.000000,69,17.8
1782573489804,5138.244,1,3.500,2.000,3,5,6.0,0.5,0.584544,0.186066,-3.00000,0.000000,69,17.8
1782573519994,5168.434,1,2.000,3.500,3,5,6.0,0.5,-0.644291,-0.205084,3.00000,0.000000,69,17.7
1782573550250,5198.690,1,3.500,2.000,3,5,6.0,0.5,0.706124,0.224766,-3.00000,0.000000,70,18.1
1782573580525,5228.965,1,2.000,3.500,3,5,6.0,0.5,-0.651345,-0.207329,3.00000,0.000000,69,17.7
1782573610926,5259.366,1,3.500,2.000,3,5,6.0,0.5,0.915498,0.291412,-3.00000,0.000000,70,18.2
1782573641324,5289.764,1,2.000,3.500,3,5,6.0,0.5,-0.702510,-0.223616,3.00000,0.000000,71,18.1
1782573671696,5320.136,1,3.500,2.000,3,5,6.0,0.5,0.588238,0.187242,-3.00000,0.000000,71,18.1
1782573701171,5349.611,1,2.000,4.000,3,5,6.0,0.5,-0.512276,-0.163063,4.00000,0.000000,75,18.1
1782573731538,5379.978,1,4.000,2.000,3,5,6.0,0.5,0.444470,0.141479,-4.00000,0.000000,75,18.1
1782573761925,5410.365,1,2.000,4.000,3,5,6.0,0.5,-0.630263,-0.200619,4.00000,0.000000,75,18.2
1782573792133,5440.573,1,4.000,2.000,3,5,6.0,0.5,0.654981,0.208487,-4.00000,0.000000,75,18.1
1782573822447,5470.887,1,2.000,4.000,3,5,6.0,0.5,-0.603086,-0.191968,4.00000,0.000000,75,18.2
1782573852766,5501.207,1,4.000,2.000,3,5,6.0,0.5,0.461349,0.146852,-4.00000,0.000000,75,18.3
1782573883127,5531.567,1,2.000,4.000,3,5,6.0,0.5,-0.775859,-0.246964,4.00000,0.000000,76,18.2
1782573913425,5561.865,1,4.000,2.000,3,5,6.0,0.5,0.859166,0.273481,-4.00000,0.000000,75,18.0
1782573943757,5592.197,1,2.000,4.000,3,5,6.0,0.5,-1.281287,-0.407846,4.00000,0.000000,75,18.0
1782573974110,5622.550,1,4.000,2.000,3,5,6.0,0.5,0.549140,0.174797,-4.00000,0.000000,75,18.1
1782574299266,5947.706,1,2.000,4.000,3,5,6.0,0.5,-0.796672,-0.253589,4.00000,0.000000,75,18.1
1782574336016,5984.456,1,4.000,2.000,3,5,6.0,0.5,0.513936,0.163591,-4.00000,0.000000,75,18.1
1782749841500,244.697,1,2.000,3.500,3,5,20.0,4.0,-0.709100,-0.225713,3.00000,0.000000,93,18.9
1782749988190,391.387,1,3.500,2.000,3,5,20.0,4.0,0.590383,0.187925,-3.00000,0.000000,93,19.1
1782751262414,1665.611,1,2.000,3.500,3,5,20.0,4.0,-1.179096,-0.375318,3.00000,0.000000,93,18.8
1782751362688,1765.885,1,3.500,2.000,3,5,20.0,4.0,1.434275,0.456544,-3.00000,0.000000,93,18.8
1782751463029,1866.226,1,2.000,3.500,3,5,20.0,4.0,-1.397114,-0.444715,3.00000,0.000000,93,18.8
1782751563339,1966.536,1,3.500,2.000,3,5,20.0,4.0,0.546703,0.174021,-3.00000,0.000000,93,19.1
1782751663629,2066.826,1,2.000,3.500,3,5,20.0,4.0,-1.130960,-0.359996,3.00000,0.000000,93,18.5
1782751763904,2167.101,1,3.500,2.000,3,5,20.0,4.0,0.904056,0.287770,-3.00000,0.000000,93,18.7
1782751864554,2267.751,1,2.000,3.500,3,5,20.0,4.0,-0.736630,-0.234477,3.00000,0.000000,90,9.5
1782751965073,2368.270,1,3.500,2.000,3,5,20.0,4.0,0.704054,0.224107,-3.00000,0.000000,90,11.4
1782752065427,2468.624,1,2.000,3.500,3,5,20.0,4.0,-0.825812,-0.262864,3.00000,0.000000,91,11.4
1782752165918,2569.115,1,3.500,2.000,3,5,20.0,4.0,0.842719,0.268246,-3.00000,0.000000,91,11.4
1782752311206,79.100,1,2.750,3.500,3,5,6.0,0.5,0.082858,0.026375,1.50000,0.000000,51,19.0
1782752341490,109.384,1,3.500,2.750,3,5,6.0,0.5,-0.106268,-0.033826,-1.50000,0.000000,51,19.0
1782752371880,139.774,1,2.750,3.500,3,5,6.0,0.5,0.040155,0.012782,1.50000,0.000000,51,19.1
1782752402234,170.128,1,3.500,2.750,3,5,6.0,0.5,-0.088637,-0.028214,-1.50000,0.000000,51,19.0
1782752432565,200.459,1,2.750,3.500,3,5,6.0,0.5,0.050862,0.016190,1.50000,0.000000,51,18.8
1782752462878,230.772,1,3.500,2.750,3,5,6.0,0.5,-0.133418,-0.042468,-1.50000,0.000000,51,18.8
1782752493312,261.206,1,2.750,3.500,3,5,6.0,0.5,0.002159,0.000687,1.50000,0.000000,51,18.8
1782752523674,291.568,1,3.500,2.750,3,5,6.0,0.5,-0.307247,-0.097800,-1.50000,0.000000,51,18.7
1782752554015,321.909,1,2.750,3.500,3,5,6.0,0.5,-0.020894,-0.006651,1.50000,0.000000,51,18.7
1782752584315,352.209,1,3.500,2.750,3,5,6.0,0.5,-0.022602,-0.007195,-1.50000,0.000000,51,18.7
1782752613670,381.564,1,2.000,3.500,3,5,6.0,0.5,-1.468557,-0.467456,3.00000,0.000000,67,18.7
1782752644057,411.951,1,3.500,2.000,3,5,6.0,0.5,1.453905,0.462792,-3.00000,0.000000,68,18.7
1782752674350,442.244,1,2.000,3.500,3,5,6.0,0.5,-0.857416,-0.272924,3.00000,0.000000,68,18.9
1782752704706,472.600,1,3.500,2.000,3,5,6.0,0.5,0.500593,0.159344,-3.00000,0.000000,66,18.7
1782752735103,502.997,1,2.000,3.500,3,5,6.0,0.5,-0.768845,-0.244731,3.00000,0.000000,66,18.7
1782752765413,533.307,1,3.500,2.000,3,5,6.0,0.5,0.722411,0.229950,-3.00000,0.000000,69,18.8
1782752795793,563.687,1,2.000,3.500,3,5,6.0,0.5,-0.672372,-0.214022,3.00000,0.000000,68,18.7
1782752826128,594.022,1,3.500,2.000,3,5,6.0,0.5,0.654114,0.208211,-3.00000,0.000000,69,18.6
1782752856395,624.289,1,2.000,3.500,3,5,6.0,0.5,-0.713803,-0.227211,3.00000,0.000000,68,18.7
1782752886737,654.632,1,3.500,2.000,3,5,6.0,0.5,2.228890,0.709478,-3.00000,0.000000,67,18.6
1782752916043,683.937,1,2.000,4.000,3,5,6.0,0.5,-0.584450,-0.186036,4.00000,0.000000,68,19.3
1782752946237,714.131,1,4.000,2.000,3,5,6.0,0.5,0.648602,0.206456,-4.00000,0.000000,65,19.7
1782752976444,744.338,1,2.000,4.000,3,5,6.0,0.5,-1.499808,-0.477404,4.00000,0.000000,65,19.1
1782753006776,774.670,1,4.000,2.000,3,5,6.0,0.5,0.688707,0.219222,-4.00000,0.000000,72,19.2
1782753037061,804.955,1,2.000,4.000,3,5,6.0,0.5,-0.577806,-0.183921,4.00000,0.000000,71,19.0
1782753067284,835.178,1,4.000,2.000,3,5,6.0,0.5,1.157814,0.368544,-4.00000,0.000000,67,20.0
1782753097523,865.417,1,2.000,4.000,3,5,6.0,0.5,-1.415118,-0.450446,4.00000,0.000000,65,19.6
1782753127768,895.662,1,4.000,2.000,3,5,6.0,0.5,0.807616,0.257072,-4.00000,0.000000,65,19.8
1782753158029,925.923,1,2.000,4.000,3,5,6.0,0.5,-1.164597,-0.370703,4.00000,0.000000,65,19.6
1782753188269,956.163,1,4.000,2.000,3,5,6.0,0.5,0.783817,0.249497,-4.00000,0.000000,65,19.6
1782753237994,1005.888,1,2.000,4.000,3,5,6.0,0.5,-0.564715,-0.179754,4.00000,0.000000,65,19.7
1782753268286,1036.180,1,4.000,2.000,3,5,6.0,0.5,0.619779,0.197282,-4.00000,0.000000,65,19.7
1782753298502,1066.396,1,2.000,4.000,3,5,6.0,0.5,-0.617270,-0.196483,4.00000,0.000000,65,19.9
1782753328749,1096.643,1,4.000,2.000,3,5,6.0,0.5,0.646837,0.205894,-4.00000,0.000000,65,19.5
1782753359010,1126.904,1,2.000,4.000,3,5,6.0,0.5,-0.784646,-0.249761,4.00000,0.000000,65,19.6
1782753389293,1157.187,1,4.000,2.000,3,5,6.0,0.5,1.441808,0.458942,-4.00000,0.000000,65,19.5
1782753419557,1187.451,1,2.000,4.000,3,5,6.0,0.5,-0.715289,-0.227683,4.00000,0.000000,65,19.5
1782753449752,1217.646,1,4.000,2.000,3,5,6.0,0.5,0.798390,0.254135,-4.00000,0.000000,65,19.6
1782753480019,1247.913,1,2.000,4.000,3,5,6.0,0.5,-0.788613,-0.251023,4.00000,0.000000,65,19.6
1782753510285,1278.179,1,4.000,2.000,3,5,6.0,0.5,0.580884,0.184901,-4.00000,0.000000,65,19.6
1782753841945,1609.839,1,2.750,3.500,3,5,6.0,0.5,-0.050005,-0.015917,1.50000,0.000000,51,19.5
1782753872298,1640.192,1,3.500,2.750,3,5,6.0,0.5,-0.310777,-0.098923,-1.50000,0.000000,51,19.4
1782753902536,1670.430,1,2.750,3.500,3,5,6.0,0.5,-0.041747,-0.013289,1.50000,0.000000,51,19.4
1782753932771,1700.665,1,3.500,2.750,3,5,6.0,0.5,-0.036216,-0.011528,-1.50000,0.000000,51,19.3
1782753963046,1730.940,1,2.750,3.500,3,5,6.0,0.5,0.099145,0.031559,1.50000,0.000000,51,19.2
1782753993356,1761.250,1,3.500,2.750,3,5,6.0,0.5,-0.272431,-0.086718,-1.50000,0.000000,51,18.6
1782754023616,1791.510,1,2.750,3.500,3,5,6.0,0.5,0.125522,0.039955,1.50000,0.000000,51,19.1
1782754053869,1821.763,1,3.500,2.750,3,5,6.0,0.5,-0.158202,-0.050357,-1.50000,0.000000,51,19.3
1782754084096,1851.990,1,2.750,3.500,3,5,6.0,0.5,0.003079,0.000980,1.50000,0.000000,51,19.4
1782754114302,1882.196,1,3.500,2.750,3,5,6.0,0.5,-0.309967,-0.098666,-1.50000,0.000000,51,19.4
1782754143513,1911.407,1,2.000,3.500,3,5,6.0,0.5,-1.062928,-0.338340,3.00000,0.000000,63,19.2
1782754173809,1941.703,1,3.500,2.000,3,5,6.0,0.5,0.595433,0.189532,-3.00000,0.000000,66,19.3
1782754204053,1971.947,1,2.000,3.500,3,5,6.0,0.5,-1.419258,-0.451764,3.00000,0.000000,63,19.2
1782754234341,2002.235,1,3.500,2.000,3,5,6.0,0.5,0.897431,0.285661,-3.00000,0.000000,63,19.2
1782754264603,2032.497,1,2.000,3.500,3,5,6.0,0.5,-1.000523,-0.318476,3.00000,0.000000,62,19.2
1782754294856,2062.750,1,3.500,2.000,3,5,6.0,0.5,0.656499,0.208970,-3.00000,0.000000,62,19.4
1782754325092,2092.986,1,2.000,3.500,3,5,6.0,0.5,-0.985104,-0.313568,3.00000,0.000000,62,19.3
1782754355361,2123.255,1,3.500,2.000,3,5,6.0,0.5,1.061551,0.337902,-3.00000,0.000000,64,19.3
1782754385597,2153.491,1,2.000,3.500,3,5,6.0,0.5,-0.891249,-0.283693,3.00000,0.000000,63,19.4
1782754415832,2183.726,1,3.500,2.000,3,5,6.0,0.5,0.706884,0.225008,-3.00000,0.000000,63,19.4
1782754445065,2212.959,1,2.000,4.000,3,5,6.0,0.5,-0.774171,-0.246426,4.00000,0.000000,65,19.4
1782754475343,2243.237,1,4.000,2.000,3,5,6.0,0.5,0.955868,0.304262,-4.00000,0.000000,65,19.4
1782754505628,2273.522,1,2.000,4.000,3,5,6.0,0.5,-1.559588,-0.496432,4.00000,0.000000,65,19.2
1782754535938,2303.832,1,4.000,2.000,3,5,6.0,0.5,1.280959,0.407742,-4.00000,0.000000,65,18.5
1782754566202,2334.096,1,2.000,4.000,3,5,6.0,0.5,-0.552994,-0.176024,4.00000,0.000000,65,19.2
1782754596453,2364.347,1,4.000,2.000,3,5,6.0,0.5,0.563650,0.179415,-4.00000,0.000000,65,19.3
1782754626796,2394.690,1,2.000,4.000,3,5,6.0,0.5,-0.604133,-0.192301,4.00000,0.000000,65,18.8
1782754657158,2425.052,1,4.000,2.000,3,5,6.0,0.5,0.895489,0.285043,-4.00000,0.000000,65,19.3
1782754687427,2455.321,1,2.000,4.000,3,5,6.0,0.5,-0.910730,-0.289894,4.00000,0.000000,65,19.1
1782754717728,2485.622,1,4.000,2.000,3,5,6.0,0.5,0.937520,0.298422,-4.00000,0.000000,65,19.4
1782779530992,495.440,1,2.000,3.500,3,5,20.0,4.0,-0.922109,-0.293516,3.00000,0.000000,93,19.9
1782779631234,595.682,1,3.500,2.000,3,5,20.0,4.0,0.824203,0.262352,-3.00000,0.000000,93,20.0
1782779731485,695.933,1,2.000,3.500,3,5,20.0,4.0,-1.799537,-0.572811,3.00000,0.000000,93,19.9
1782779831780,796.228,1,3.500,2.000,3,5,20.0,4.0,0.993325,0.316185,-3.00000,0.000000,93,20.0
1782779932042,896.490,1,2.000,3.500,3,5,20.0,4.0,-0.692198,-0.220333,3.00000,0.000000,92,20.1
1782780032384,996.832,1,3.500,2.000,3,5,20.0,4.0,0.705587,0.224595,-3.00000,0.000000,92,20.1
1782780132626,1097.074,1,2.000,3.500,3,5,20.0,4.0,-0.852306,-0.271298,3.00000,0.000000,92,20.1
1782780232863,1197.311,1,3.500,2.000,3,5,20.0,4.0,0.997090,0.317384,-3.00000,0.000000,92,20.3
1782780333250,1297.698,1,2.000,3.500,3,5,20.0,4.0,-0.903663,-0.287645,3.00000,0.000000,93,20.3
1782780433570,1398.018,1,3.500,2.000,3,5,20.0,4.0,0.683452,0.217550,-3.00000,0.000000,93,20.4
1782780533966,1498.414,1,2.000,3.500,3,5,20.0,4.0,-1.000918,-0.318602,3.00000,0.000000,93,20.3
1782780634208,1598.656,1,3.500,2.000,3,5,20.0,4.0,0.755143,0.240369,-3.00000,0.000000,93,20.2
1782780751582,1716.030,1,2.750,3.500,3,5,6.0,0.5,0.235223,0.074874,1.50000,1.444250,52,19.4
1782780777932,1742.380,1,3.500,2.750,3,5,6.0,0.5,-0.067965,-0.021634,-1.50000,0.000000,40,18.6
1782780808228,1772.676,1,2.750,3.500,3,5,6.0,0.5,0.070704,0.022506,1.50000,0.000000,51,18.1
1782780838687,1803.135,1,3.500,2.750,3,5,6.0,0.5,-0.276348,-0.087964,-1.50000,0.000000,51,18.2
1782780868935,1833.383,1,2.750,3.500,3,5,6.0,0.5,0.021656,0.006893,1.50000,0.000000,51,17.9
1782780899168,1863.616,1,3.500,2.750,3,5,6.0,0.5,-0.258885,-0.082406,-1.50000,0.000000,51,17.8
1782780929438,1893.886,1,2.750,3.500,3,5,6.0,0.5,0.084470,0.026887,1.50000,0.000000,50,18.0
1782780959776,1924.224,1,3.500,2.750,3,5,6.0,0.5,-0.251721,-0.080125,-1.50000,0.000000,51,18.0
1782780990070,1954.518,1,2.750,3.500,3,5,6.0,0.5,0.067672,0.021541,1.50000,0.000000,51,18.1
1782781020410,1984.858,1,3.500,2.750,3,5,6.0,0.5,-0.198208,-0.063091,-1.50000,0.000000,51,18.5
1782781049844,2014.292,1,2.000,3.500,3,5,6.0,0.5,-0.621972,-0.197980,3.00000,1.007646,69,18.4
1782781080219,2044.667,1,3.500,2.000,3,5,6.0,0.5,0.803738,0.255838,-3.00000,0.658453,70,18.1
1782781110460,2074.908,1,2.000,3.500,3,5,6.0,0.5,-1.092044,-0.347608,3.00000,0.000000,66,17.6
1782781140771,2105.219,1,3.500,2.000,3,5,6.0,0.5,0.652546,0.207712,-3.00000,0.000000,70,18.1
1782781171123,2135.571,1,2.000,3.500,3,5,6.0,0.5,-1.247464,-0.397080,3.00000,0.000000,70,17.1
1782781201414,2165.862,1,3.500,2.000,3,5,6.0,0.5,0.769412,0.244911,-3.00000,0.000000,70,17.6
1782781231834,2196.282,1,2.000,3.500,3,5,6.0,0.5,-1.052578,-0.335046,3.00000,0.000000,71,18.1
1782781262116,2226.564,1,3.500,2.000,3,5,6.0,0.5,1.011369,0.321929,-3.00000,0.000000,71,18.1
1782781292363,2256.811,1,2.000,3.500,3,5,6.0,0.5,-0.348635,-0.110974,3.00000,0.000000,71,17.7
1782781322653,2287.101,1,3.500,2.000,3,5,6.0,0.5,1.227903,0.390854,-3.00000,0.000000,71,18.5
1782781352043,2316.491,1,2.000,4.000,3,5,6.0,0.5,-0.985668,-0.313748,4.00000,0.000000,75,18.6
1782781382421,2346.869,1,4.000,2.000,3,5,6.0,0.5,0.961918,0.306188,-4.00000,0.000000,75,18.6
1782781412770,2377.218,1,2.000,4.000,3,5,6.0,0.5,-0.534113,-0.170014,4.00000,0.000000,74,18.6
1782781443157,2407.605,1,4.000,2.000,3,5,6.0,0.5,1.045722,0.332864,-4.00000,0.000000,75,18.6
1782781473478,2437.926,1,2.000,4.000,3,5,6.0,0.5,-0.802313,-0.255384,4.00000,0.000000,75,18.7
1782781503815,2468.263,1,4.000,2.000,3,5,6.0,0.5,0.706875,0.225005,-4.00000,0.000000,73,18.7
1782781534125,2498.573,1,2.000,4.000,3,5,6.0,0.5,-1.100684,-0.350358,4.00000,0.000000,74,18.7
1782781564532,2528.980,1,4.000,2.000,3,5,6.0,0.5,1.063603,0.338555,-4.00000,0.000000,75,18.6
1782781594889,2559.337,1,2.000,4.000,3,5,6.0,0.5,-0.612815,-0.195065,4.00000,0.000000,75,18.6
1782781625267,2589.715,1,4.000,2.000,3,5,6.0,0.5,0.542676,0.172739,-4.00000,0.000000,76,18.5
1783048433218,736.105,1,2.000,3.500,3,5,20.0,4.0,-0.526705,-0.167655,3.00000,0.000000,93,17.6
